"","Date","Open","High","Close","WTI","Gold","Sentiment"
"1",2010-01-04,1116.560059,1133.869995,1132.98999,81.52,1285.25,-0.114130434782609
"2",2010-01-05,1132.660034,1136.630005,1136.52002,81.74,1286.75,0.048582995951417
"3",2010-01-06,1135.709961,1139.189941,1137.140015,83.12,1299,-0.0564516129032258
"4",2010-01-07,1136.27002,1142.459961,1141.689941,82.6,1299,-0.073469387755102
"5",2010-01-08,1140.52002,1145.390015,1144.97998,82.74,1301.5,0.00404858299595142
"6",2010-01-11,1145.959961,1149.73999,1146.97998,82.54,1298,-0.112903225806452
"7",2010-01-12,1143.810059,1143.810059,1136.219971,80.79,1325.75,-0.120967741935484
"8",2010-01-13,1137.310059,1148.400024,1145.680054,79.66,1318,-0.0122950819672131
"9",2010-01-14,1145.680054,1150.410034,1148.459961,79.35,1320.5,-0.0403225806451613
"10",2010-01-15,1147.719971,1147.77002,1136.030029,77.96,1301.75,-0.0569105691056911
"11",2010-01-19,1136.030029,1150.449951,1150.22998,78.98,1309.5,-0.0282258064516129
"12",2010-01-20,1147.949951,1147.949951,1138.040039,77.42,1299,-0.040650406504065
"13",2010-01-21,1138.680054,1141.579956,1116.47998,75.84,1297.25,-0.0202429149797571
"14",2010-01-22,1115.48999,1115.48999,1091.76001,74.25,1284,-0.133064516129032
"15",2010-01-25,1092.400024,1102.969971,1096.780029,74.9,1292,-0.112903225806452
"16",2010-01-26,1095.800049,1103.689941,1092.170044,74.67,1283.75,0.048
"17",2010-01-27,1091.939941,1099.51001,1097.5,73.64,1291.75,0.0365853658536585
"18",2010-01-28,1096.930054,1100.219971,1084.530029,73.62,1294.75,0.0364372469635627
"19",2010-01-29,1087.609985,1096.449951,1073.869995,72.85,1296,-0.153225806451613
"20",2010-02-01,1073.890015,1089.380005,1089.189941,74.41,1304,-0.00816326530612245
"21",2010-02-02,1090.050049,1104.72998,1103.319946,77.21,1313.5,0.00813008130081301
"22",2010-02-03,1100.670044,1102.719971,1097.280029,76.96,1310.75,-0.132530120481928
"23",2010-02-04,1097.25,1097.25,1063.109985,73.13,1336,-0.0401606425702811
"24",2010-02-05,1064.119995,1067.130005,1066.189941,71.15,1327,-0.0967741935483871
"25",2010-02-08,1065.51001,1071.199951,1056.73999,71.87,1338,-0.145228215767635
"26",2010-02-09,1060.060059,1079.280029,1070.52002,73.71,1355.75,-0.141129032258065
"27",2010-02-10,1069.680054,1073.670044,1068.130005,74.48,1378.5,0.00806451612903226
"28",2010-02-11,1067.099976,1080.040039,1078.469971,75.23,1385,-0.10655737704918
"29",2010-02-12,1075.949951,1077.810059,1075.51001,74.11,1368.75,-0.0778688524590164
"30",2010-02-16,1079.130005,1095.670044,1094.869995,76.98,1366,-0.0121951219512195
"31",2010-02-17,1096.140015,1101.030029,1099.51001,77.27,1346.25,-0.124497991967871
"32",2010-02-18,1099.030029,1108.23999,1106.75,78.97,1344,-0.125506072874494
"33",2010-02-19,1105.48999,1112.420044,1109.170044,79.77,1335.25,-0.0653061224489796
"34",2010-02-22,1110,1112.290039,1108.01001,80.04,1345.25,-0.0283400809716599
"35",2010-02-23,1107.48999,1108.579956,1094.599976,78.61,1337,-0.0120967741935484
"36",2010-02-24,1095.890015,1106.420044,1105.23999,79.75,1334.75,-0.0894308943089431
"37",2010-02-25,1101.23999,1103.5,1102.939941,77.99,1349.5,0.0491803278688525
"38",2010-02-26,1103.099976,1107.23999,1104.48999,79.72,1326.5,-0.048582995951417
"39",2010-03-01,1105.359985,1116.109985,1115.709961,78.71,1332.25,-0.131147540983607
"40",2010-03-02,1117.01001,1123.459961,1118.310059,79.62,1331.75,-0.0688259109311741
"41",2010-03-03,1119.359985,1125.640015,1118.790039,80.91,1339,-0.157258064516129
"42",2010-03-04,1119.119995,1123.72998,1122.969971,80.21,1334.75,-0.0202429149797571
"43",2010-03-05,1125.119995,1139.380005,1138.699951,81.5,1323.25,-0.101626016260163
"44",2010-03-08,1138.400024,1141.050049,1138.5,81.85,1316.25,-0.140562248995984
"45",2010-03-09,1137.560059,1145.369995,1140.449951,81.5,1320.5,-0.166666666666667
"46",2010-03-10,1140.219971,1148.26001,1145.609985,82.07,1320.75,-0.0242914979757085
"47",2010-03-11,1143.959961,1150.23999,1150.23999,82.1,1320,-0.0522088353413655
"48",2010-03-12,1151.709961,1153.410034,1149.98999,81.26,1296,-0.101214574898785
"49",2010-03-15,1148.530029,1150.97998,1150.51001,79.79,1289.5,-0.165322580645161
"50",2010-03-16,1150.829956,1160.280029,1159.459961,81.75,1282,-0.172131147540984
"51",2010-03-17,1159.939941,1169.839966,1166.209961,82.93,1277,0.0121951219512195
"52",2010-03-18,1166.130005,1167.77002,1165.829956,82.16,1259.25,-0.0524193548387097
"53",2010-03-19,1166.680054,1169.199951,1159.900024,80.58,1256.5,-0.170731707317073
"54",2010-03-22,1157.25,1167.819946,1165.810059,81.26,1254.5,-0.217213114754098
"55",2010-03-23,1166.469971,1174.719971,1174.170044,81.68,1250.25,-0.0728744939271255
"56",2010-03-24,1172.699951,1173.040039,1167.719971,80.29,1262,-0.105263157894737
"57",2010-03-25,1170.030029,1180.689941,1165.72998,80.25,1251,-0.127049180327869
"58",2010-03-26,1167.579956,1173.930054,1166.589966,79.75,1242.5,-0.0161290322580645
"59",2010-03-29,1167.709961,1174.849976,1173.219971,81.92,1264,-0.0809716599190283
"60",2010-03-30,1173.75,1177.829956,1173.27002,82.14,1251.25,-0.11522633744856
"61",2010-03-31,1171.75,1174.560059,1169.430054,83.45,1260.5,-0.0772357723577236
"62",2010-04-01,1171.22998,1181.430054,1178.099976,84.53,1267,-0.00826446280991736
"63",2010-04-05,1178.709961,1187.72998,1187.439941,86.36,1263,-0.131818181818182
"64",2010-04-06,1186.01001,1191.800049,1189.439941,86.54,1241,-0.105691056910569
"65",2010-04-07,1188.22998,1189.599976,1182.449951,85.64,1238,-0.097165991902834
"66",2010-04-08,1181.75,1188.550049,1186.439941,85.17,1250,-0.138211382113821
"67",2010-04-09,1187.469971,1194.660034,1194.369995,84.6,1241.5,-0.0530612244897959
"68",2010-04-12,1194.939941,1199.199951,1196.47998,84.07,1236,-0.0284552845528455
"69",2010-04-13,1195.939941,1199.040039,1197.300049,83.8,1251.5,0.0875
"70",2010-04-14,1198.689941,1210.650024,1210.650024,85.62,1248,-0.0566801619433198
"71",2010-04-15,1210.77002,1213.920044,1211.670044,85.25,1244.25,-0.10655737704918
"72",2010-04-16,1210.170044,1210.170044,1192.130005,82.97,1226,-0.0975609756097561
"73",2010-04-19,1192.060059,1197.869995,1197.52002,81.52,1221,-0.260162601626016
"74",2010-04-20,1199.040039,1208.579956,1207.170044,82.98,1227.5,-0.0323886639676113
"75",2010-04-21,1207.160034,1210.98999,1205.939941,82.78,1246.25,-0.0806451612903226
"76",2010-04-22,1202.52002,1210.27002,1208.670044,82.89,1234.5,-0.158536585365854
"77",2010-04-23,1207.869995,1217.280029,1217.280029,84.34,1225,-0.211382113821138
"78",2010-04-26,1217.069946,1219.800049,1212.050049,84.2,1204.5,-0.0121951219512195
"79",2010-04-27,1209.920044,1211.380005,1183.709961,82.43,1204.5,-0.0775510204081633
"80",2010-04-28,1184.589966,1195.050049,1191.359985,83.22,1214.5,-0.251012145748988
"81",2010-04-29,1193.300049,1209.359985,1206.780029,85.17,1199,-0.121457489878543
"82",2010-04-30,1206.77002,1207.98999,1186.689941,86.07,1199,-0.130612244897959
"83",2010-05-03,1188.579956,1205.130005,1202.26001,86.19,1199,-0.146938775510204
"84",2010-05-04,1197.5,1197.5,1173.599976,82.73,1195.25,-0.134146341463415
"85",2010-05-05,1169.23999,1175.949951,1165.869995,80,1196,-0.0850202429149798
"86",2010-05-06,1164.380005,1167.579956,1128.150024,77.18,1230.5,-0.0532786885245902
"87",2010-05-07,1127.040039,1135.130005,1110.880005,75.1,1231.75,-0.111111111111111
"88",2010-05-10,1122.27002,1163.849976,1159.72998,76.89,1234.75,-0.0979591836734694
"89",2010-05-11,1156.390015,1170.47998,1155.790039,76.37,1232,-0.179591836734694
"90",2010-05-12,1155.430054,1172.869995,1171.670044,75.65,1225.25,-0.0860655737704918
"91",2010-05-13,1170.040039,1173.569946,1157.439941,74.38,1260.75,-0.0979591836734694
"92",2010-05-14,1157.189941,1157.189941,1135.680054,71.61,1266.25,-0.182926829268293
"93",2010-05-17,1136.52002,1141.880005,1136.939941,70.08,1237,-0.155737704918033
"94",2010-05-18,1138.780029,1148.660034,1120.800049,69.38,1233,-0.132
"95",2010-05-19,1119.569946,1124.27002,1115.050049,69.91,1222.5,0.00408163265306122
"96",2010-05-20,1107.339966,1107.339966,1071.589966,68.28,1227.5,-0.0894308943089431
"97",2010-05-21,1067.26001,1090.160034,1087.689941,68.03,1217.25,-0.0571428571428571
"98",2010-05-24,1084.780029,1089.949951,1073.650024,68.23,1229.5,-0.165991902834008
"99",2010-05-25,1067.420044,1074.75,1074.030029,64.78,1253,-0.0775510204081633
"100",2010-05-26,1075.51001,1090.75,1067.949951,71.52,1245,-0.0532786885245902
"101",2010-05-27,1074.27002,1103.52002,1103.060059,74.56,1247.5,-0.101214574898785
"102",2010-05-28,1102.589966,1102.589966,1089.410034,74,1243,-0.163265306122449
"103",2010-06-01,1087.300049,1094.77002,1070.709961,72.7,1246.25,-0.123456790123457
"104",2010-06-02,1073.01001,1098.560059,1098.380005,72.88,1240,0
"105",2010-06-03,1098.819946,1105.670044,1102.829956,74.62,1257,-0.194214876033058
"106",2010-06-04,1098.430054,1098.430054,1064.880005,71.43,1275.75,-0.191056910569106
"107",2010-06-07,1065.839966,1071.359985,1050.469971,71.55,1283.5,-0.191056910569106
"108",2010-06-08,1050.810059,1063.150024,1062,71.88,1287.25,-0.114285714285714
"109",2010-06-09,1062.75,1077.73999,1055.689941,74.38,1286,-0.176954732510288
"110",2010-06-10,1058.77002,1087.849976,1086.839966,75.48,1272.5,-0.0772357723577236
"111",2010-06-11,1082.650024,1092.25,1091.599976,73.89,1281.25,-0.0452674897119342
"112",2010-06-14,1095,1105.910034,1089.630005,74.99,1282.5,0.09375
"113",2010-06-15,1091.209961,1115.589966,1115.22998,76.84,1285.5,-0.11522633744856
"114",2010-06-16,1114.02002,1118.73999,1114.609985,77.67,1307.25,-0.197530864197531
"115",2010-06-17,1115.97998,1117.719971,1116.040039,76.82,1319,-0.289795918367347
"116",2010-06-18,1116.160034,1121.01001,1117.51001,77.18,1307.25,-0.0448979591836735
"117",2010-06-21,1122.790039,1131.22998,1113.199951,77.84,1320.5,-0.176229508196721
"118",2010-06-22,1113.900024,1118.5,1095.310059,77.15,1306.75,-0.147540983606557
"119",2010-06-23,1095.569946,1099.640015,1092.040039,75.9,1324,-0.0772357723577236
"120",2010-06-24,1090.930054,1090.930054,1073.689941,75.96,1354.75,-0.0210084033613445
"121",2010-06-25,1075.099976,1083.560059,1076.76001,78.45,1349.25,-0.024390243902439
"122",2010-06-28,1077.5,1082.599976,1074.569946,78.26,1361,-0.135245901639344
"123",2010-06-29,1071.099976,1071.099976,1041.23999,75.93,1347.75,-0.0663900414937759
"124",2010-06-30,1040.560059,1048.079956,1030.709961,75.59,1344.75,-0.0625
"125",2010-07-01,1031.099976,1033.579956,1027.369995,72.95,1331.25,0.0487804878048781
"126",2010-07-02,1027.650024,1032.949951,1022.580017,72.06,1333,-0.223577235772358
"127",2010-07-06,1028.089966,1042.5,1028.060059,71.96,1317.5,-0.0285714285714286
"128",2010-07-07,1028.540039,1060.890015,1060.27002,74.05,1316.5,-0.0938775510204082
"129",2010-07-08,1062.920044,1071.25,1070.25,75.46,1319.25,-0.0532786885245902
"130",2010-07-09,1070.5,1078.160034,1077.959961,76.08,1273.5,-0.0326530612244898
"131",2010-07-12,1077.22998,1080.780029,1078.75,74.93,1270.5,0.0404858299595142
"132",2010-07-13,1080.650024,1099.459961,1095.339966,77.16,1285.5,-0.0530612244897959
"133",2010-07-14,1095.609985,1099.079956,1095.170044,77.02,1265.5,-0.0619834710743802
"134",2010-07-15,1094.459961,1098.660034,1096.47998,76.67,1298.5,-0.191056910569106
"135",2010-07-16,1093.849976,1093.849976,1064.880005,75.96,1304,-0.1440329218107
"136",2010-07-19,1066.849976,1074.699951,1071.25,76.53,1329.5,-0.114285714285714
"137",2010-07-20,1064.530029,1083.939941,1083.47998,77.32,1323.5,-0.0326530612244898
"138",2010-07-21,1086.670044,1088.959961,1069.589966,76.27,1309.75,0.0284552845528455
"139",2010-07-22,1072.140015,1097.5,1093.670044,79.01,1316,-0.114285714285714
"140",2010-07-23,1092.170044,1103.72998,1102.660034,78.68,1306.25,-0.0123456790123457
"141",2010-07-26,1102.890015,1115.01001,1115.01001,78.93,1290.75,-0.269387755102041
"142",2010-07-27,1117.359985,1120.949951,1113.839966,77.46,1326.5,0.00411522633744856
"143",2010-07-28,1112.839966,1114.660034,1106.130005,77.06,1341,-0.0816326530612245
"144",2010-07-29,1108.069946,1115.900024,1101.530029,78.3,1333,-0.0537190082644628
"145",2010-07-30,1098.439941,1106.439941,1101.599976,78.85,1322.75,-0.185185185185185
"146",2010-08-02,1107.530029,1127.300049,1125.859985,81.25,1314.25,-0.0205761316872428
"147",2010-08-03,1125.339966,1125.439941,1120.459961,82.52,1323,-0.139344262295082
"148",2010-08-04,1121.060059,1128.75,1127.23999,82.49,1349.25,0.0826446280991736
"149",2010-08-05,1125.780029,1126.560059,1125.810059,82,1365.5,-0.0901639344262295
"150",2010-08-06,1122.069946,1123.060059,1121.640015,80.67,1301,-0.0702479338842975
"151",2010-08-09,1122.800049,1129.23999,1127.790039,81.46,1312.25,-0.0983606557377049
"152",2010-08-10,1122.920044,1127.160034,1121.060059,80.24,1324,0.00809716599190283
"153",2010-08-11,1116.890015,1116.890015,1089.469971,78.09,1318.5,0.0164609053497942
"154",2010-08-12,1081.47998,1086.719971,1083.609985,75.68,1328,-0.114285714285714
"155",2010-08-13,1082.219971,1086.25,1079.25,75.39,1363.75,0
"156",2010-08-16,1077.48999,1082.619995,1079.380005,75.17,1358.25,0.0326530612244898
"157",2010-08-17,1081.160034,1100.140015,1092.540039,75.76,1390,-0.0448979591836735
"158",2010-08-18,1092.079956,1099.77002,1094.160034,75.39,1387,-0.00816326530612245
"159",2010-08-19,1092.439941,1092.439941,1075.630005,74.45,1385,-0.0737704918032787
"160",2010-08-20,1075.630005,1075.630005,1071.689941,73.45,1390,0.0253164556962025
"161",2010-08-23,1073.359985,1081.579956,1067.359985,72.71,1399.5,0
"162",2010-08-24,1063.199951,1063.199951,1051.869995,71.24,1394.75,0.0785123966942149
"163",2010-08-25,1048.97998,1059.380005,1055.329956,72.07,1407.75,-0.0781893004115226
"164",2010-08-26,1056.280029,1061.449951,1047.219971,73.36,1419.5,-0.0204081632653061
"165",2010-08-27,1049.27002,1065.209961,1064.589966,75.17,1419.25,-0.0204081632653061
"166",2010-08-30,1062.900024,1064.400024,1048.920044,74.69,1377.5,-0.0122448979591837
"167",2010-08-31,1046.880005,1055.140015,1049.329956,71.93,1377.5,-0.0493827160493827
"168",2010-09-01,1049.719971,1081.300049,1080.290039,73.97,1375.5,-0.0966386554621849
"169",2010-09-02,1080.660034,1090.099976,1090.099976,74.99,1363,-0.0534979423868313
"170",2010-09-03,1093.609985,1105.099976,1104.51001,74.52,1372.5,-0.136363636363636
"171",2010-09-07,1102.599976,1102.599976,1091.839966,73.98,1365,-0.101626016260163
"172",2010-09-08,1092.359985,1103.26001,1098.869995,74.65,1369.25,-0.0699588477366255
"173",2010-09-09,1101.150024,1110.27002,1104.180054,74.25,1329.75,-0.0244897959183673
"174",2010-09-10,1104.569946,1110.880005,1109.550049,76.4,1326.5,0.0489795918367347
"175",2010-09-13,1113.380005,1123.869995,1121.900024,77.17,1328.5,-0.0617283950617284
"176",2010-09-14,1121.160034,1127.359985,1121.099976,76.78,1341,-0.0413223140495868
"177",2010-09-15,1119.430054,1126.459961,1125.069946,75.92,1309,-0.171428571428571
"178",2010-09-16,1123.890015,1125.439941,1124.660034,74.58,1298.25,-0.151639344262295
"179",2010-09-17,1126.390015,1131.469971,1125.589966,73.63,1282.5,-0.139344262295082
"180",2010-09-20,1126.569946,1144.859985,1142.709961,74.81,1280.5,-0.149797570850202
"181",2010-09-21,1142.819946,1148.589966,1139.780029,72.96,1304.75,-0.024390243902439
"182",2010-09-22,1139.48999,1144.380005,1134.280029,72.98,1309.25,-0.0578512396694215
"183",2010-09-23,1131.099976,1136.77002,1124.829956,73.4,1315,-0.179591836734694
"184",2010-09-24,1131.689941,1148.900024,1148.670044,74.63,1314.5,-0.0242914979757085
"185",2010-09-27,1148.640015,1149.920044,1142.160034,76.51,1324.15,-0.0823045267489712
"186",2010-09-28,1142.310059,1150,1147.699951,76.15,1329.75,-0.104838709677419
"187",2010-09-29,1146.75,1148.630005,1144.72998,77.85,1331,0.0816326530612245
"188",2010-09-30,1145.969971,1157.160034,1141.199951,79.95,1326,0.0269058295964126
"189",2010-10-01,1143.48999,1150.300049,1146.23999,81.57,1335,-0.141078838174274
"190",2010-10-04,1144.959961,1148.160034,1137.030029,81.43,1333.5,-0.0564516129032258
"191",2010-10-05,1140.680054,1162.76001,1160.75,82.83,1327,0.024
"192",2010-10-06,1159.810059,1162.329956,1159.969971,83.21,1295.75,-0.044
"193",2010-10-07,1161.569946,1163.869995,1158.060059,81.34,1283.25,-0.128
"194",2010-10-08,1158.359985,1167.72998,1165.150024,82.66,1297.25,-0.164658634538153
"195",2010-10-11,1165.319946,1168.680054,1165.319946,82.18,1291.5,-0.088
"196",2010-10-12,1164.280029,1172.579956,1169.77002,81.67,1284.75,-0.140562248995984
"197",2010-10-13,1171.319946,1184.380005,1178.099976,83.03,1279.75,-0.068
"198",2010-10-14,1177.819946,1178.890015,1173.810059,82.71,1285,0.056
"199",2010-10-15,1177.469971,1181.199951,1176.189941,81.23,1256,-0.125
"200",2010-10-18,1176.829956,1185.530029,1184.709961,83.06,1255.5,-0.052
"201",2010-10-19,1178.640015,1178.640015,1165.900024,79.57,1235.25,-0.144578313253012
"202",2010-10-20,1166.73999,1182.939941,1178.170044,81.93,1212.75,-0.072
"203",2010-10-21,1179.819946,1189.430054,1180.26001,80.03,1250,-0.116465863453815
"204",2010-10-22,1180.52002,1183.930054,1183.079956,81.15,1252.5,-0.169354838709677
"205",2010-10-25,1184.73999,1196.140015,1185.619995,82,1242.75,-0.188
"206",2010-10-26,1184.880005,1187.109985,1185.640015,82.6,1192,-0.0120481927710843
"207",2010-10-27,1183.839966,1183.839966,1182.449951,81.9,1232.75,-0.012
"208",2010-10-28,1184.469971,1189.530029,1183.780029,82.2,1236.25,0.0200803212851406
"209",2010-10-29,1183.869995,1185.459961,1183.26001,81.45,1279,0.00404858299595142
"210",2010-11-01,1185.709961,1195.810059,1184.380005,82.94,1286.75,-0.0401606425702811
"211",2010-11-02,1187.859985,1195.880005,1193.569946,83.91,1295.25,-0.0120481927710843
"212",2010-11-03,1193.790039,1198.300049,1197.959961,84.45,1292.5,-0.228
"213",2010-11-04,1198.339966,1221.25,1221.060059,86.49,1372.75,-0.0725806451612903
"214",2010-11-05,1221.199951,1227.079956,1225.849976,86.85,1366.75,-0.100401606425703
"215",2010-11-08,1223.23999,1224.569946,1223.25,87.07,1384.75,-0.044
"216",2010-11-09,1223.589966,1226.839966,1213.400024,87.04,1391.25,-0.0441767068273092
"217",2010-11-10,1213.140015,1218.75,1218.709961,87.77,1385,0.0483870967741935
"218",2010-11-11,1213.040039,1215.449951,1213.540039,87.77,1382.75,-0.068
"219",2010-11-12,1209.069946,1210.5,1199.209961,84.89,1374.25,-0.032
"220",2010-11-15,1200.439941,1207.430054,1197.75,84.88,1383.25,-0.036
"221",2010-11-16,1194.790039,1194.790039,1178.339966,82.33,1386,-0.148
"222",2010-11-17,1178.329956,1183.560059,1178.589966,80.43,1400,-0.084
"223",2010-11-18,1183.75,1200.290039,1196.689941,81.88,1404,-0.108
"224",2010-11-19,1196.119995,1199.969971,1199.72998,81.65,1399.5,0.084
"225",2010-11-22,1198.069946,1198.939941,1197.839966,81.24,1402.5,-0.12
"226",2010-11-23,1192.51001,1192.51001,1180.72998,80.79,1394.5,-0.088
"227",2010-11-24,1183.699951,1198.619995,1198.349976,83.21,1413.5,-0.0566801619433198
"228",2010-11-26,1194.160034,1194.160034,1189.400024,83.87,1382.5,0.02
"229",2010-11-29,1189.079956,1190.339966,1187.76001,85.73,1376.5,0
"230",2010-11-30,1182.959961,1187.400024,1180.550049,84.12,1390.25,0.02
"231",2010-12-01,1186.599976,1207.609985,1206.069946,86.75,1380.5,-0.0160642570281124
"232",2010-12-02,1206.810059,1221.890015,1221.530029,87.98,1408.5,-0.124497991967871
"233",2010-12-03,1219.930054,1225.569946,1224.709961,89.18,1360.75,0.012
"234",2010-12-06,1223.869995,1225.800049,1223.119995,89.33,1354.75,-0.100401606425703
"235",2010-12-07,1227.25,1235.050049,1223.75,88.69,1368.75,-0.0602409638554217
"236",2010-12-08,1225.02002,1228.930054,1228.280029,88.3,1381,-0.072
"237",2010-12-09,1230.140015,1234.709961,1233,88.35,1410,-0.12
"238",2010-12-10,1233.849976,1240.400024,1240.400024,87.81,1433.75,-0.06
"239",2010-12-13,1242.52002,1246.72998,1240.459961,88.62,1430.75,-0.0897959183673469
"240",2010-12-14,1241.839966,1246.589966,1241.589966,88.33,1426.5,-0.016
"241",2010-12-15,1241.579956,1244.25,1235.22998,88.66,1465.5,-0.036144578313253
"242",2010-12-16,1236.339966,1243.75,1242.869995,87.71,1468,-0.0441767068273092
"243",2010-12-17,1243.630005,1245.810059,1243.910034,88.02,1444.25,-0.148
"244",2010-12-20,1245.76001,1250.199951,1247.079956,88.68,1469.25,-0.204819277108434
"245",2010-12-21,1249.430054,1255.819946,1254.599976,89.3,1469.25,-0.0803212851405622
"246",2010-12-22,1254.939941,1259.390015,1258.839966,89.83,1469.25,-0.0522088353413655
"247",2010-12-23,1257.530029,1258.589966,1256.77002,90.84,1454.75,0.016
"248",2010-12-27,1254.660034,1258.430054,1257.540039,90.99,1469,-0.144736842105263
"249",2010-12-28,1259.099976,1259.900024,1258.51001,91.48,1467.5,-0.0182926829268293
"250",2010-12-29,1258.780029,1262.599976,1259.780029,91.13,1471.5,-0.103626943005181
"251",2010-12-30,1259.439941,1261.089966,1257.880005,89.85,1451,-0.0544554455445545
"252",2010-12-31,1256.76001,1259.339966,1257.640015,91.38,1428.5,-0.0932642487046632
"253",2011-01-03,1257.619995,1276.170044,1271.869995,91.59,1408,-0.232876712328767
"254",2011-01-04,1272.949951,1274.119995,1270.199951,89.39,1424.5,-0.0892857142857143
"255",2011-01-05,1268.780029,1277.630005,1276.560059,90.3,1405.5,-0.028
"256",2011-01-06,1276.290039,1278.170044,1273.849976,88.37,1393.75,-0.0452674897119342
"257",2011-01-07,1274.410034,1276.829956,1271.5,88.07,1392,-0.236947791164659
"258",2011-01-10,1270.839966,1271.52002,1269.75,89.24,1380,0.0241935483870968
"259",2011-01-11,1272.579956,1277.25,1274.47998,91.11,1395,-0.116935483870968
"260",2011-01-12,1275.650024,1286.869995,1285.959961,91.85,1535.5,-0.173076923076923
"261",2011-01-13,1285.780029,1286.699951,1283.76001,91.39,1565,-0.0725806451612903
"262",2011-01-14,1282.900024,1293.23999,1293.23999,91.53,1575,-0.00806451612903226
"263",2011-01-18,1293.219971,1296.060059,1295.02002,91.38,1577.25,-0.032258064516129
"264",2011-01-19,1294.52002,1294.599976,1281.920044,90.85,1575,-0.00401606425702811
"265",2011-01-20,1280.849976,1283.349976,1280.26001,88.56,1568,-0.0809716599190283
"266",2011-01-21,1283.630005,1291.209961,1283.349976,88.22,1546.5,-0.044
"267",2011-01-24,1283.290039,1291.930054,1290.839966,86.74,1574.75,-0.096
"268",2011-01-25,1288.170044,1291.26001,1291.180054,85.08,1583.5,-0.18
"269",2011-01-26,1291.969971,1299.73999,1296.630005,86.15,1598.25,-0.11522633744856
"270",2011-01-27,1297.51001,1301.290039,1299.540039,84.45,1598.25,-0.124497991967871
"271",2011-01-28,1299.630005,1302.670044,1276.339966,88.15,1603,-0.192771084337349
"272",2011-01-31,1276.5,1287.170044,1286.119995,90.99,1598,-0.092741935483871
"273",2011-02-01,1289.140015,1308.859985,1307.589966,89.54,1599.25,-0.212
"274",2011-02-02,1305.910034,1307.609985,1304.030029,89.78,1607.75,-0.144578313253012
"275",2011-02-03,1302.77002,1308.599976,1307.099976,89.42,1613.75,-0.184738955823293
"276",2011-02-04,1307.01001,1311,1310.869995,87.87,1607.5,-0.112903225806452
"277",2011-02-07,1311.849976,1322.849976,1319.050049,86.3,1610.75,-0.228915662650602
"278",2011-02-08,1318.76001,1324.869995,1324.569946,85.85,1603.75,-0.0887096774193548
"279",2011-02-09,1322.47998,1324.540039,1320.880005,85.59,1595.5,-0.108433734939759
"280",2011-02-10,1318.130005,1322.780029,1321.869995,85.44,1586,-0.153225806451613
"281",2011-02-11,1318.660034,1330.790039,1329.150024,84.39,1589.25,0.0242214532871972
"282",2011-02-14,1328.72998,1332.959961,1332.319946,83.66,1594,-0.0552147239263804
"283",2011-02-15,1330.430054,1330.430054,1328.01001,83.13,1579,-0.166666666666667
"284",2011-02-16,1329.51001,1337.609985,1336.319946,83.8,1581.75,-0.0377358490566038
"285",2011-02-17,1334.369995,1341.5,1340.430054,85.05,1579.5,-0.0553505535055351
"286",2011-02-18,1340.380005,1344.069946,1343.01001,85.03,1574,-0.138418079096045
"287",2011-02-22,1338.910034,1338.910034,1315.439941,92.65,1579.75,-0.110526315789474
"288",2011-02-23,1315.439941,1317.910034,1307.400024,96.04,1574.25,-0.107462686567164
"289",2011-02-24,1307.089966,1310.910034,1306.099976,95.83,1582.25,-0.105740181268882
"290",2011-02-25,1307.339966,1320.609985,1319.880005,96.52,1588.5,-0.174603174603175
"291",2011-02-28,1321.609985,1329.380005,1327.219971,97.1,1604.25,-0.0489795918367347
"292",2011-03-01,1328.640015,1332.089966,1306.329956,99.63,1590.5,-0.110204081632653
"293",2011-03-02,1305.469971,1314.189941,1308.439941,102.27,1586.25,-0.072289156626506
"294",2011-03-03,1312.369995,1332.280029,1330.969971,101.92,1576.5,0
"295",2011-03-04,1330.72998,1331.079956,1321.150024,104.34,1577,-0.156626506024096
"296",2011-03-07,1322.719971,1327.680054,1310.130005,105.37,1588.5,-0.0725806451612903
"297",2011-03-08,1311.050049,1325.73999,1321.819946,105.06,1607.75,-0.0850202429149798
"298",2011-03-09,1319.920044,1323.209961,1320.02002,104.39,1612.25,-0.0987654320987654
"299",2011-03-10,1315.719971,1315.719971,1295.109985,102.73,1646,0.0653061224489796
"300",2011-03-11,1293.430054,1308.349976,1304.280029,101.14,1645,-0.136363636363636
"301",2011-03-14,1301.189941,1301.189941,1296.390015,101.2,1647.5,-0.0983606557377049
"302",2011-03-15,1288.459961,1288.459961,1281.869995,97.23,1652,-0.158536585365854
"303",2011-03-16,1279.459961,1280.910034,1256.880005,97.99,1668.25,-0.129554655870445
"304",2011-03-17,1261.609985,1278.880005,1273.719971,101.47,1668,-0.130612244897959
"305",2011-03-18,1276.709961,1288.880005,1279.209961,101.06,1674.25,-0.0571428571428571
"306",2011-03-21,1281.650024,1300.579956,1298.380005,102.36,1673.5,0.0168067226890756
"307",2011-03-22,1298.290039,1299.349976,1293.77002,104.53,1666,-0.154471544715447
"308",2011-03-23,1292.189941,1300.51001,1297.540039,105.21,1669,-0.236734693877551
"309",2011-03-24,1300.609985,1311.339966,1309.660034,105.04,1664.75,-0.117886178861789
"310",2011-03-25,1311.800049,1319.180054,1313.800049,104.89,1677.5,-0.122448979591837
"311",2011-03-28,1315.449951,1319.73999,1310.189941,103.54,1663.5,-0.108333333333333
"312",2011-03-29,1309.369995,1319.449951,1319.439941,104.34,1656.5,-0.223140495867769
"313",2011-03-30,1321.890015,1331.73999,1328.26001,103.8,1660,-0.0746887966804979
"314",2011-03-31,1327.439941,1329.77002,1325.829956,106.19,1671,-0.0983606557377049
"315",2011-04-01,1329.47998,1337.849976,1332.410034,107.55,1690.25,-0.0987654320987654
"316",2011-04-04,1333.560059,1336.73999,1332.869995,108.14,1690.5,-0.0702479338842975
"317",2011-04-05,1332.030029,1338.209961,1332.630005,107.82,1688.5,-0.166666666666667
"318",2011-04-06,1335.939941,1339.380005,1335.540039,108.38,1675,-0.151020408163265
"319",2011-04-07,1334.819946,1338.800049,1333.51001,109.82,1676.25,-0.112449799196787
"320",2011-04-08,1336.160034,1339.459961,1328.170044,112.27,1680.5,-0.193548387096774
"321",2011-04-11,1329.01001,1333.77002,1324.459961,109.5,1666.5,-0.0321285140562249
"322",2011-04-12,1321.959961,1321.959961,1314.160034,105.75,1657.5,-0.117886178861789
"323",2011-04-13,1314.030029,1321.349976,1314.410034,106.6,1675,0.032258064516129
"324",2011-04-14,1311.130005,1316.790039,1314.52002,107.73,1657.75,-0.116465863453815
"325",2011-04-15,1314.540039,1322.880005,1319.680054,109.17,1656,-0.15748031496063
"326",2011-04-18,1313.349976,1313.349976,1305.140015,106.7,1645.25,-0.104477611940299
"327",2011-04-19,1305.98999,1312.699951,1312.619995,107.18,1648,-0.0633802816901408
"328",2011-04-20,1319.119995,1332.660034,1330.359985,110.84,1679.5,-0.148936170212766
"329",2011-04-21,1333.22998,1337.48999,1337.380005,111.72,1693.75,-0.0462633451957295
"330",2011-04-25,1337.140015,1337.550049,1335.25,111.68,1657.5,-0.0541871921182266
"331",2011-04-26,1336.75,1349.550049,1347.23999,111.72,1657.5,-0.00420168067226891
"332",2011-04-27,1348.430054,1357.48999,1355.660034,112.31,1655.5,0.0524590163934426
"333",2011-04-28,1353.859985,1361.709961,1360.47998,112.38,1651.5,-0.00864553314121038
"334",2011-04-29,1360.140015,1364.560059,1363.609985,113.39,1651.5,-0.0214723926380368
"335",2011-05-02,1365.209961,1370.579956,1361.219971,113.03,1651.5,-0.104247104247104
"336",2011-05-03,1359.76001,1360.839966,1356.619995,110.6,1650.5,-0.25609756097561
"337",2011-05-04,1355.900024,1355.900024,1347.319946,108.79,1665,-0.1285140562249
"338",2011-05-05,1344.160034,1348,1335.099976,99.89,1694,-0.0823045267489712
"339",2011-05-06,1340.23999,1354.359985,1340.199951,96.87,1695.75,-0.116935483870968
"340",2011-05-09,1340.199951,1349.439941,1346.290039,100.32,1696.25,-0.136546184738956
"341",2011-05-10,1348.339966,1359.439941,1357.160034,103.39,1692.75,0.0445344129554656
"342",2011-05-11,1354.51001,1354.51001,1342.079956,97.88,1716.25,-0.14859437751004
"343",2011-05-12,1339.390015,1351.050049,1348.650024,98.53,1710,-0.179591836734694
"344",2011-05-13,1348.689941,1350.469971,1337.77002,99.21,1712.5,0.0040650406504065
"345",2011-05-16,1334.77002,1343.329956,1329.469971,96.91,1701.5,-0.0283400809716599
"346",2011-05-17,1326.099976,1330.420044,1328.97998,96.4,1694.25,-0.0897959183673469
"347",2011-05-18,1328.540039,1341.819946,1340.680054,99.52,1694,0.0321285140562249
"348",2011-05-19,1342.400024,1346.819946,1343.599976,97.99,1697.75,-0.203252032520325
"349",2011-05-20,1342,1342,1333.27002,99.15,1720,-0.0522088353413655
"350",2011-05-23,1333.069946,1333.069946,1317.369995,97.06,1726,-0.00401606425702811
"351",2011-05-24,1317.699951,1323.719971,1316.280029,99.13,1725,-0.0708661417322835
"352",2011-05-25,1316.359985,1325.859985,1320.469971,100.78,1708,0.0357142857142857
"353",2011-05-26,1320.640015,1328.51001,1325.689941,100.18,1746.25,-0.0708661417322835
"354",2011-05-27,1325.689941,1334.619995,1331.099976,100.58,1750.5,-0.11522633744856
"355",2011-05-31,1331.099976,1345.199951,1345.199951,102.7,1734.5,-0.0634920634920635
"356",2011-06-01,1345.199951,1345.199951,1314.550049,100.3,1724,-0.156626506024096
"357",2011-06-02,1314.550049,1318.030029,1312.939941,100.41,1732.25,-0.04
"358",2011-06-03,1312.939941,1312.939941,1300.160034,100.28,1730.5,-0.0242914979757085
"359",2011-06-06,1300.26001,1300.26001,1286.170044,99.07,1713.5,-0.04
"360",2011-06-07,1286.310059,1296.219971,1284.939941,99.18,1710,-0.0963855421686747
"361",2011-06-08,1284.630005,1287.040039,1279.560059,100.77,1725.75,-0.0685483870967742
"362",2011-06-09,1279.630005,1294.540039,1289,101.95,1726.25,-0.159663865546218
"363",2011-06-10,1288.599976,1288.599976,1270.97998,99.3,1735.25,-0.0671140939597315
"364",2011-06-13,1271.310059,1277.040039,1271.829956,97.2,1738.25,-0.0357142857142857
"365",2011-06-14,1272.219971,1292.5,1287.869995,99.37,1717,-0.169491525423729
"366",2011-06-15,1287.869995,1287.869995,1265.420044,94.83,1715.25,-0.107438016528926
"367",2011-06-16,1265.530029,1274.109985,1267.640015,94.95,1691,-0.172881355932203
"368",2011-06-17,1268.579956,1279.819946,1271.5,93.02,1683.5,-0.135231316725979
"369",2011-06-20,1271.5,1280.420044,1278.359985,93.23,1685,-0.107142857142857
"370",2011-06-21,1278.400024,1297.619995,1295.52002,93.7,1716.25,-0.134228187919463
"371",2011-06-22,1295.47998,1298.609985,1287.140015,94.96,1719,-0.0561056105610561
"372",2011-06-23,1286.599976,1286.599976,1283.5,90.7,1716,-0.145161290322581
"373",2011-06-24,1283.040039,1283.930054,1268.449951,90.89,1715.5,-0.064
"374",2011-06-27,1268.439941,1284.910034,1280.099976,90.65,1706.5,-0.200803212851406
"375",2011-06-28,1280.209961,1296.800049,1296.670044,92.9,1711,-0.104838709677419
"376",2011-06-29,1296.849976,1309.209961,1307.410034,94.85,1726.75,-0.157258064516129
"377",2011-06-30,1307.640015,1321.969971,1320.640015,95.3,1737,0.00803212851405622
"378",2011-07-01,1320.640015,1341.01001,1339.670044,94.81,1743,-0.0975609756097561
"379",2011-07-05,1339.589966,1340.890015,1337.880005,96.92,1749,-0.068
"380",2011-07-06,1337.560059,1340.939941,1339.219971,96.67,1746.5,-0.0566801619433198
"381",2011-07-07,1339.619995,1356.47998,1353.219971,98.7,1736,-0.0403225806451613
"382",2011-07-08,1352.390015,1352.390015,1343.800049,96.2,1766.75,-0.0604838709677419
"383",2011-07-11,1343.310059,1343.310059,1319.48999,95.16,1769,-0.33739837398374
"384",2011-07-12,1319.609985,1327.170044,1313.640015,97.41,1761.25,-0.189516129032258
"385",2011-07-13,1314.449951,1331.47998,1317.719971,98.04,1774,-0.127118644067797
"386",2011-07-14,1317.73999,1326.880005,1308.869995,95.75,1773.5,-0.0843881856540084
"387",2011-07-15,1308.869995,1317.699951,1316.140015,97.24,1784,-0.100418410041841
"388",2011-07-18,1315.939941,1315.939941,1305.439941,95.94,1791.75,-0.045643153526971
"389",2011-07-19,1307.069946,1328.140015,1326.72998,97.49,1775.25,0.0210970464135021
"390",2011-07-20,1328.660034,1330.430054,1325.839966,98.11,1775.5,0.0336134453781513
"391",2011-07-21,1325.650024,1347,1343.800049,98.96,1787,0.0593220338983051
"392",2011-07-22,1343.800049,1346.099976,1345.02002,99.53,1776,0.0165289256198347
"393",2011-07-25,1344.319946,1344.319946,1337.430054,98.97,1763,0.0375
"394",2011-07-26,1337.390015,1338.51001,1331.939941,99.61,1744.75,-0.0675105485232067
"395",2011-07-27,1331.910034,1331.910034,1304.890015,97.4,1771.5,-0.00833333333333333
"396",2011-07-28,1304.839966,1316.319946,1300.670044,97.48,1762.5,-0.115384615384615
"397",2011-07-29,1300.119995,1304.160034,1292.280029,95.68,1784.5,-0.0720338983050847
"398",2011-08-01,1292.589966,1307.380005,1286.939941,94.98,1758.5,-0.0126582278481013
"399",2011-08-02,1286.560059,1286.560059,1254.050049,93.78,1766.75,-0.0963302752293578
"400",2011-08-03,1254.25,1261.199951,1260.339966,91.87,1769.5,-0.0833333333333333
"401",2011-08-04,1260.22998,1260.22998,1200.069946,86.75,1770,-0.055793991416309
"402",2011-08-05,1200.280029,1218.109985,1199.380005,86.89,1775.5,-0.125461254612546
"403",2011-08-08,1198.47998,1198.47998,1119.459961,81.27,1733.25,0.0488721804511278
"404",2011-08-09,1120.22998,1172.880005,1172.530029,79.32,1737,-0.0625
"405",2011-08-10,1171.77002,1171.77002,1120.76001,83.05,1736.75,-0.0830188679245283
"406",2011-08-11,1121.300049,1186.290039,1172.640015,85.48,1732,-0.105839416058394
"407",2011-08-12,1172.869995,1189.040039,1178.810059,85.19,1728,-0.0634920634920635
"408",2011-08-15,1178.859985,1204.48999,1204.48999,87.88,1701,0.00364963503649635
"409",2011-08-16,1204.219971,1204.219971,1192.76001,86.65,1690,-0.134920634920635
"410",2011-08-17,1192.890015,1208.469971,1193.890015,87.58,1697,-0.175824175824176
"411",2011-08-18,1189.619995,1189.619995,1140.650024,82.38,1648.5,-0.0970873786407767
"412",2011-08-19,1140.469971,1154.540039,1123.530029,82.33,1660.5,-0.0531914893617021
"413",2011-08-22,1123.550049,1145.48999,1123.819946,84.42,1660,-0.0306513409961686
"414",2011-08-23,1124.359985,1162.349976,1162.349976,85.35,1668,-0.0264150943396226
"415",2011-08-24,1162.160034,1178.560059,1177.599976,84.99,1667,-0.00694444444444444
"416",2011-08-25,1176.689941,1190.680054,1159.27002,85.15,1667,-0.128301886792453
"417",2011-08-26,1158.849976,1181.22998,1176.800049,85.37,1665.25,-0.0503597122302158
"418",2011-08-29,1177.910034,1210.280029,1210.079956,87.27,1642,-0.0355871886120996
"419",2011-08-30,1209.76001,1220.099976,1212.920044,88.9,1639.5,-0.0785714285714286
"420",2011-08-31,1213,1230.709961,1218.890015,88.81,1615,-0.0566037735849057
"421",2011-09-01,1219.119995,1229.290039,1204.420044,88.93,1614.75,0
"422",2011-09-02,1203.900024,1203.900024,1173.969971,86.45,1604.5,-0.00381679389312977
"423",2011-09-06,1173.969971,1173.969971,1165.23999,85.99,1601.75,-0.105454545454545
"424",2011-09-07,1165.849976,1198.619995,1198.619995,89.34,1597.75,-0.0883534136546185
"425",2011-09-08,1197.97998,1204.400024,1185.900024,89.05,1622.5,-0.02
"426",2011-09-09,1185.369995,1185.369995,1154.22998,87.24,1618.5,-0.0348837209302326
"427",2011-09-12,1153.5,1162.52002,1162.27002,88.19,1615,0.0603448275862069
"428",2011-09-13,1162.589966,1176.410034,1172.869995,90.21,1613.25,-0.141025641025641
"429",2011-09-14,1173.319946,1202.380005,1188.680054,88.91,1611,-0.0396825396825397
"430",2011-09-15,1189.439941,1209.109985,1209.109985,89.4,1610,-0.0448430493273543
"431",2011-09-16,1209.209961,1220.060059,1216.01001,87.96,1602,-0.0465116279069767
"432",2011-09-19,1214.98999,1214.98999,1204.089966,85.7,1597,-0.096234309623431
"433",2011-09-20,1204.5,1220.390015,1202.089966,86.92,1599,-0.0534979423868313
"434",2011-09-21,1203.630005,1206.300049,1166.76001,85.77,1622,-0.0461538461538462
"435",2011-09-22,1164.550049,1164.550049,1129.560059,80.29,1617.75,-0.0555555555555556
"436",2011-09-23,1128.819946,1141.719971,1136.430054,79.58,1618.25,-0.16551724137931
"437",2011-09-26,1136.910034,1164.189941,1162.949951,79.97,1618,0
"438",2011-09-27,1163.319946,1195.859985,1175.380005,84.18,1601,-0.00367647058823529
"439",2011-09-28,1175.390015,1184.709961,1151.060059,80.94,1583.25,-0.0434782608695652
"440",2011-09-29,1151.73999,1175.869995,1160.400024,81.87,1572.25,0.0357142857142857
"441",2011-09-30,1159.930054,1159.930054,1131.420044,78.93,1576.25,-0.018796992481203
"442",2011-10-03,1131.209961,1138.98999,1099.22998,77.34,1584,-0.08984375
"443",2011-10-04,1097.420044,1125.119995,1123.949951,75.4,1575.25,-0.125
"444",2011-10-05,1124.030029,1146.069946,1144.030029,79.41,1585.25,-0.122137404580153
"445",2011-10-06,1144.109985,1165.550049,1164.969971,82.32,1589.75,-0.128113879003559
"446",2011-10-07,1165.030029,1171.400024,1155.459961,82.7,1595.5,-0.138686131386861
"447",2011-10-10,1158.150024,1194.910034,1194.890015,85.14,1556.25,-0.172690763052209
"448",2011-10-11,1194.599976,1199.23999,1195.540039,85.54,1577,-0.139622641509434
"449",2011-10-12,1196.189941,1220.25,1207.25,85.3,1595.25,-0.0711462450592885
"450",2011-10-13,1206.959961,1207.459961,1203.660034,83.96,1585,-0.201413427561837
"451",2011-10-14,1205.650024,1224.609985,1224.579956,86.8,1587,-0.01
"452",2011-10-17,1224.469971,1224.469971,1200.859985,86.38,1604,-0.0985401459854015
"453",2011-10-18,1200.75,1233.099976,1225.380005,88.34,1617.5,0.0452961672473868
"454",2011-10-19,1223.459961,1229.640015,1209.880005,86.11,1592,0.0141843971631206
"455",2011-10-20,1209.920044,1219.530029,1215.390015,86.07,1598.5,-0.0746268656716418
"456",2011-10-21,1215.390015,1239.030029,1238.25,87.19,1558.5,-0.027027027027027
"457",2011-10-24,1238.719971,1256.550049,1254.189941,91.12,1573.5,-0.028673835125448
"458",2011-10-25,1254.189941,1254.189941,1229.050049,92.98,1576,-0.0178041543026706
"459",2011-10-26,1229.170044,1246.280029,1242,90.2,1570,-0.0501567398119122
"460",2011-10-27,1243.969971,1292.660034,1284.589966,93.96,1565.5,-0.023598820058997
"461",2011-10-28,1284.390015,1287.079956,1285.089966,93.32,1582,0.00324675324675325
"462",2011-10-31,1284.959961,1284.959961,1253.300049,93.19,1601,0.0244897959183673
"463",2011-11-01,1251,1251,1218.280029,92.19,1625.5,-0.180327868852459
"464",2011-11-02,1219.619995,1242.47998,1237.900024,92.51,1615.5,-0.0707395498392283
"465",2011-11-03,1238.25,1263.209961,1261.150024,94.07,1627.25,-0.0533807829181495
"466",2011-11-04,1260.819946,1260.819946,1253.22998,94.26,1613.5,-0.0414012738853503
"467",2011-11-07,1253.209961,1261.699951,1261.119995,95.52,1619.5,-0.104026845637584
"468",2011-11-08,1261.119995,1277.550049,1275.920044,96.8,1603.5,-0.0124610591900312
"469",2011-11-09,1275.180054,1275.180054,1229.099976,95.74,1584,-0.015625
"470",2011-11-10,1229.589966,1246.219971,1239.699951,97.78,1576.5,-0.103030303030303
"471",2011-11-11,1240.119995,1266.97998,1263.849976,98.99,1606,-0.0536277602523659
"472",2011-11-14,1263.849976,1263.849976,1251.780029,98.14,1635,-0.0106382978723404
"473",2011-11-15,1251.699951,1264.25,1257.810059,99.37,1606,-0.00958466453674121
"474",2011-11-16,1257.810059,1259.609985,1236.910034,102.59,1606,-0.0159744408945687
"475",2011-11-17,1236.560059,1237.72998,1216.130005,98.82,1606,0.0731707317073171
"476",2011-11-18,1216.189941,1223.51001,1215.650024,97.67,1558,0.0439189189189189
"477",2011-11-21,1215.619995,1215.619995,1192.97998,96.73,1540,-0.0724137931034483
"478",2011-11-22,1192.97998,1196.810059,1188.040039,97.76,1579.5,-0.0501567398119122
"479",2011-11-23,1187.47998,1187.47998,1161.790039,96.16,1569.5,0.0124610591900312
"480",2011-11-25,1161.410034,1172.660034,1158.670044,96.91,1568.5,0.0529595015576324
"481",2011-11-28,1158.670044,1197.349976,1192.550049,98.21,1549,0.036101083032491
"482",2011-11-29,1192.560059,1203.670044,1195.189941,99.79,1582.5,-0.0522648083623693
"483",2011-11-30,1196.719971,1247.109985,1246.959961,100.36,1592.5,-0.0783699059561129
"484",2011-12-01,1246.910034,1251.089966,1244.579956,100.2,1589.5,0.0219435736677116
"485",2011-12-02,1246.030029,1260.079956,1244.280029,100.97,1554,0.00323624595469256
"486",2011-12-05,1244.329956,1266.72998,1257.079956,100.94,1548.5,0.00696864111498258
"487",2011-12-06,1257.189941,1266.030029,1258.469971,101.25,1556.5,0.0168918918918919
"488",2011-12-07,1258.140015,1267.060059,1261.01001,100.45,1558.5,-0.0313479623824451
"489",2011-12-08,1260.869995,1260.869995,1234.349976,98.35,1583,-0.00906344410876133
"490",2011-12-09,1234.47998,1258.25,1255.189941,99.4,1598.5,0.0204778156996587
"491",2011-12-12,1255.050049,1255.050049,1236.469971,97.77,1582.5,0.0526315789473684
"492",2011-12-13,1236.829956,1249.859985,1225.72998,100.24,1602.5,-0.0371621621621622
"493",2011-12-14,1225.72998,1225.72998,1211.819946,94.92,1643.75,0.0604026845637584
"494",2011-12-15,1212.119995,1225.599976,1215.75,93.84,1643.75,0.00302114803625378
"495",2011-12-16,1216.089966,1231.040039,1219.660034,93.55,1637.75,0.0066006600660066
"496",2011-12-19,1219.73999,1224.569946,1205.349976,93.86,1648,-0.0869565217391304
"497",2011-12-20,1205.719971,1242.819946,1241.300049,97.16,1664,-0.0111524163568773
"498",2011-12-21,1241.25,1245.089966,1243.719971,98.54,1651.25,-0.154929577464789
"499",2011-12-22,1243.719971,1255.219971,1254,99.42,1663.5,-0.0568181818181818
"500",2011-12-23,1254,1265.420044,1265.329956,99.72,1653.5,-0.0355329949238579
"501",2011-12-27,1265.02002,1269.369995,1265.430054,101.29,1637.75,-0.175572519083969
"502",2011-12-28,1265.380005,1265.849976,1249.640015,99.44,1649.5,0.00540540540540541
"503",2011-12-29,1249.75,1263.540039,1263.02002,99.68,1629,-0.136094674556213
"504",2011-12-30,1262.819946,1264.119995,1257.599976,98.83,1641.5,-0.0445859872611465
"505",2012-01-03,1258.859985,1284.619995,1277.060059,102.96,1650,-0.131147540983607
"506",2012-01-04,1277.030029,1278.72998,1277.300049,103.22,1644,-0.0833333333333333
"507",2012-01-05,1277.300049,1283.050049,1281.060059,101.81,1635.5,-0.0829015544041451
"508",2012-01-06,1280.930054,1281.839966,1277.810059,101.56,1653,-0.128205128205128
"509",2012-01-09,1277.829956,1281.98999,1280.699951,101.31,1666.5,0.0666666666666667
"510",2012-01-10,1280.77002,1296.459961,1292.079956,102.24,1668.5,-0.0742049469964664
"511",2012-01-11,1292.02002,1293.800049,1292.47998,100.89,1658,0.0199335548172757
"512",2012-01-12,1292.47998,1296.819946,1295.5,99.03,1644,-0.0676156583629893
"513",2012-01-13,1294.819946,1294.819946,1289.089966,98.69,1631,0.0187265917602996
"514",2012-01-17,1290.219971,1303,1293.670044,100.7,1631,-0.0936329588014981
"515",2012-01-18,1293.650024,1308.109985,1308.040039,100.61,1621,-0.0522648083623693
"516",2012-01-19,1308.069946,1315.48999,1314.5,100.32,1676.25,-0.168498168498169
"517",2012-01-20,1314.48999,1315.380005,1315.380005,98.15,1677.5,0.0885714285714286
"518",2012-01-23,1315.290039,1322.280029,1316,99.47,1662.5,-0.11231884057971
"519",2012-01-24,1315.959961,1315.959961,1314.650024,98.84,1657.5,-0.00746268656716418
"520",2012-01-25,1314.400024,1328.300049,1326.060059,99.23,1676,-0.0290909090909091
"521",2012-01-26,1326.280029,1333.469971,1318.430054,99.76,1692,0.112107623318386
"522",2012-01-27,1318.25,1320.060059,1316.329956,99.47,1680.25,-0.0424028268551237
"523",2012-01-30,1316.160034,1316.160034,1313.01001,98.75,1664,-0.0695970695970696
"524",2012-01-31,1313.530029,1321.410034,1312.410034,98.46,1635.5,-0.027972027972028
"525",2012-02-01,1312.449951,1330.52002,1324.089966,97.63,1649.25,-0.0472972972972973
"526",2012-02-02,1324.23999,1329.189941,1325.540039,96.36,1656.75,-0.0996677740863787
"527",2012-02-03,1326.209961,1345.339966,1344.900024,97.8,1661.5,-0.0891089108910891
"528",2012-02-06,1344.319946,1344.359985,1344.329956,96.89,1658,0.0120967741935484
"529",2012-02-07,1344.329956,1349.23999,1347.050049,98.55,1648,0.00704225352112676
"530",2012-02-08,1347.040039,1351,1349.959961,98.8,1644.25,0.0555555555555556
"531",2012-02-09,1349.969971,1354.319946,1351.949951,99.88,1690,0.0477941176470588
"532",2012-02-10,1351.209961,1351.209961,1342.640015,98.68,1697.5,0.010989010989011
"533",2012-02-13,1343.060059,1353.349976,1351.77002,100.39,1687.5,-0.0674603174603175
"534",2012-02-14,1351.300049,1351.300049,1350.5,100.82,1690,0.00326797385620915
"535",2012-02-15,1350.52002,1355.869995,1343.22998,101.82,1677.5,0.0396039603960396
"536",2012-02-16,1342.609985,1359.02002,1358.040039,102.33,1669,0.00769230769230769
"537",2012-02-17,1358.060059,1363.400024,1361.22998,103.27,1705,-0.122676579925651
"538",2012-02-21,1361.219971,1367.76001,1362.209961,105.88,1707,0.0505050505050505
"539",2012-02-22,1362.109985,1362.699951,1357.660034,105.99,1714,-0.0214723926380368
"540",2012-02-23,1357.530029,1364.23999,1363.459961,107.44,1770,0.0247678018575851
"541",2012-02-24,1363.459961,1368.920044,1365.73999,109.39,1781,0.134328358208955
"542",2012-02-27,1365.199951,1371.939941,1367.589966,108.49,1772,0.0501672240802676
"543",2012-02-28,1367.560059,1373.089966,1372.180054,106.59,1777.5,-0.00911854103343465
"544",2012-02-29,1372.199951,1378.040039,1365.680054,107.08,1777,-0.00651465798045603
"545",2012-03-01,1365.900024,1376.170044,1374.089966,108.76,1752,0.0373831775700935
"546",2012-03-02,1374.089966,1374.530029,1369.630005,106.68,1748,-0.0114942528735632
"547",2012-03-05,1369.589966,1369.589966,1364.329956,106.7,1723,-0.0128617363344051
"548",2012-03-06,1363.630005,1363.630005,1343.359985,104.71,1713,-0.054380664652568
"549",2012-03-07,1343.390015,1354.849976,1352.630005,106.16,1733,-0.0304878048780488
"550",2012-03-08,1352.650024,1368.719971,1365.910034,106.65,1722,0.115942028985507
"551",2012-03-09,1365.969971,1374.76001,1370.869995,107.4,1720,0.0120481927710843
"552",2012-03-12,1370.780029,1373.040039,1371.089966,106.34,1711.5,-0.0128205128205128
"553",2012-03-13,1371.920044,1396.130005,1395.949951,106.7,1748,-0.03003003003003
"554",2012-03-14,1395.949951,1399.420044,1394.280029,105.49,1746,-0.0404312668463612
"555",2012-03-15,1394.170044,1402.630005,1402.599976,105.19,1724,-0.0699088145896656
"556",2012-03-16,1402.550049,1405.880005,1404.170044,107.03,1719,-0.00286532951289398
"557",2012-03-19,1404.170044,1414,1409.75,108.09,1734,0.0511182108626198
"558",2012-03-20,1409.589966,1409.589966,1405.52002,105.68,1751,-0.0228758169934641
"559",2012-03-21,1405.52002,1407.75,1402.890015,106.87,1740,-0.0628930817610063
"560",2012-03-22,1402.890015,1402.890015,1392.780029,104.98,1744,0.0846394984326019
"561",2012-03-23,1392.780029,1399.180054,1397.109985,106.43,1729,0.043859649122807
"562",2012-03-26,1397.109985,1416.579956,1416.51001,107.07,1726,0.0170648464163823
"563",2012-03-27,1416.550049,1419.150024,1412.52002,107.32,1727,0.0202020202020202
"564",2012-03-28,1412.52002,1413.650024,1405.540039,105.4,1650,-0.045016077170418
"565",2012-03-29,1405.390015,1405.390015,1403.280029,102.79,1665.5,-0.0347826086956522
"566",2012-03-30,1403.310059,1410.890015,1408.469971,103.03,1675.5,-0.101694915254237
"567",2012-04-02,1408.469971,1422.380005,1419.040039,105.25,1653,0.00949367088607595
"568",2012-04-03,1418.97998,1419,1413.380005,104.02,1655,0.0759878419452888
"569",2012-04-04,1413.089966,1413.089966,1398.959961,101.53,1647,0.00917431192660551
"570",2012-04-05,1398.790039,1401.599976,1398.079956,103.29,1656,0.015527950310559
"571",2012-04-09,1397.449951,1397.449951,1382.199951,102.45,1635.5,-0.0191387559808612
"572",2012-04-10,1382.180054,1383.01001,1358.589966,101.12,1661,-0.0538720538720539
"573",2012-04-11,1358.97998,1374.709961,1368.709961,102.66,1634.5,0.00619195046439628
"574",2012-04-12,1368.77002,1388.130005,1387.569946,103.69,1637,-0.0271084337349398
"575",2012-04-13,1387.609985,1387.609985,1370.26001,102.84,1615,0.00943396226415094
"576",2012-04-16,1370.27002,1379.660034,1369.569946,102.92,1616.5,0
"577",2012-04-17,1369.569946,1392.76001,1390.780029,104.23,1599,0.0266272189349112
"578",2012-04-18,1390.780029,1390.780029,1385.140015,102.65,1613,0.0184049079754601
"579",2012-04-19,1385.079956,1390.459961,1376.920044,102.38,1598,-0.0145348837209302
"580",2012-04-20,1376.959961,1387.400024,1378.530029,103.58,1531,0.00304878048780488
"581",2012-04-23,1378.530029,1378.530029,1366.939941,102.68,1531,-0.0412698412698413
"582",2012-04-24,1366.969971,1375.569946,1371.969971,103.1,1571,-0.0670731707317073
"583",2012-04-25,1372.109985,1391.369995,1390.689941,103.72,1606.5,0.0413223140495868
"584",2012-04-26,1390.640015,1402.089966,1399.97998,104.56,1606.5,-0.0576923076923077
"585",2012-04-27,1400.189941,1406.640015,1403.359985,104.86,1606.5,0.0750750750750751
"586",2012-04-30,1403.26001,1403.26001,1397.910034,104.89,1608,-0.024390243902439
"587",2012-05-01,1397.859985,1415.319946,1405.819946,106.17,1613.5,0.0415430267062315
"588",2012-05-02,1405.5,1405.5,1402.310059,105.25,1598,0.060790273556231
"589",2012-05-03,1402.319946,1403.069946,1391.569946,102.56,1594,-0.021875
"590",2012-05-04,1391.51001,1391.51001,1369.099976,98.49,1574,0
"591",2012-05-07,1368.790039,1373.910034,1369.579956,97.86,1603,-0.09
"592",2012-05-08,1369.160034,1369.160034,1363.719971,97.13,1672.5,-0.00549450549450549
"593",2012-05-09,1363.199951,1363.72998,1354.579956,96.8,1659.5,-0.0884353741496599
"594",2012-05-10,1354.579956,1365.880005,1357.98999,97.1,1709,-0.0398860398860399
"595",2012-05-11,1358.109985,1365.660034,1353.390015,96.03,1715,-0.0654761904761905
"596",2012-05-14,1351.930054,1351.930054,1338.349976,94.75,1735.5,0.0695364238410596
"597",2012-05-15,1338.359985,1344.939941,1330.660034,93.97,1708,-0.0880503144654088
"598",2012-05-16,1330.780029,1341.780029,1324.800049,92.78,1744,-0.0690690690690691
"599",2012-05-17,1324.819946,1326.359985,1304.859985,92.53,1747,0.0485436893203883
"600",2012-05-18,1305.050049,1312.23999,1295.219971,91.51,1752,0.00974025974025974
"601",2012-05-21,1295.72998,1316.390015,1315.98999,92.57,1746,0
"602",2012-05-22,1316.089966,1328.48999,1316.630005,91.44,1717,0.0421686746987952
"603",2012-05-23,1316.02002,1320.709961,1318.859985,89.4,1714,-0.0825688073394495
"604",2012-05-24,1318.719971,1324.140015,1320.680054,90.36,1688.5,-0.0748502994011976
"605",2012-05-25,1320.810059,1324.199951,1317.819946,90.64,1681,0.033434650455927
"606",2012-05-29,1318.900024,1334.930054,1332.420044,90.75,1699,-0.0190114068441065
"607",2012-05-30,1331.25,1331.25,1313.319946,87.79,1702,-0.045045045045045
"608",2012-05-31,1313.089966,1319.73999,1310.329956,86.52,1719,-0.060702875399361
"609",2012-06-01,1309.869995,1309.869995,1278.040039,83.17,1742.5,0.0161943319838057
"610",2012-06-04,1278.290039,1282.550049,1278.180054,83.95,1756,-0.0163934426229508
"611",2012-06-05,1277.819946,1287.619995,1285.5,84.31,1785,-0.0528455284552846
"612",2012-06-06,1285.609985,1315.130005,1315.130005,85.05,1776,-0.0201612903225806
"613",2012-06-07,1316.150024,1329.050049,1314.98999,84.78,1773,0.0725806451612903
"614",2012-06-08,1314.98999,1325.810059,1325.660034,84.08,1756,-0.102040816326531
"615",2012-06-11,1325.719971,1335.52002,1308.930054,82.58,1784,0.102459016393443
"616",2012-06-12,1309.400024,1324.310059,1324.180054,83.35,1795,-0.0365853658536585
"617",2012-06-13,1324.02002,1327.280029,1314.880005,82.56,1782,0.048582995951417
"618",2012-06-14,1314.880005,1333.680054,1329.099976,83.83,1749,0.142857142857143
"619",2012-06-15,1329.189941,1343.319946,1342.839966,84.03,1758,-0.0526315789473684
"620",2012-06-18,1342.420044,1348.219971,1344.780029,83.26,1743,-0.0202429149797571
"621",2012-06-19,1344.829956,1363.459961,1357.97998,83.99,1699,0.0326530612244898
"622",2012-06-20,1358.040039,1361.569946,1355.689941,81.06,1722,-0.0612244897959184
"623",2012-06-21,1355.430054,1358.27002,1325.51001,77.91,1741,-0.0809716599190283
"624",2012-06-22,1325.920044,1337.819946,1335.02002,79.33,1718,-0.00403225806451613
"625",2012-06-25,1334.900024,1334.900024,1313.719971,78.76,1715,-0.0737704918032787
"626",2012-06-26,1314.089966,1324.23999,1319.98999,79.34,1656,-0.0203252032520325
"627",2012-06-27,1320.709961,1334.400024,1331.849976,80.27,1652,0.0122950819672131
"628",2012-06-28,1331.52002,1331.52002,1329.040039,77.72,1642.5,-0.0450819672131148
"629",2012-06-29,1330.119995,1362.170044,1362.160034,85.04,1620,-0.032520325203252
"630",2012-07-02,1362.329956,1366.349976,1365.51001,83.72,1652.5,-0.189516129032258
"631",2012-07-03,1365.75,1374.810059,1374.02002,87.74,1631,-0.0447154471544715
"632",2012-07-05,1373.719971,1373.849976,1367.579956,87.11,1682,-0.157258064516129
"633",2012-07-06,1367.089966,1367.089966,1354.680054,84.37,1678,-0.0647773279352227
"634",2012-07-09,1354.660034,1354.869995,1352.459961,85.93,1656,-0.101214574898785
"635",2012-07-10,1352.959961,1361.540039,1341.469971,83.92,1682,0.0483870967741935
"636",2012-07-11,1341.400024,1345,1341.449951,85.88,1663,-0.0441767068273092
"637",2012-07-12,1341.290039,1341.290039,1334.76001,86.02,1661,0.0401606425702811
"638",2012-07-13,1334.810059,1357.699951,1356.780029,87.15,1652,-0.130081300813008
"639",2012-07-16,1356.5,1357.26001,1353.640015,88.41,1635,-0.0894308943089431
"640",2012-07-17,1353.680054,1365.359985,1363.670044,89.07,1617,-0.0530612244897959
"641",2012-07-18,1363.579956,1375.26001,1372.780029,89.88,1638,0.0445344129554656
"642",2012-07-19,1373.01001,1380.390015,1376.51001,92.78,1655.5,0.0202429149797571
"643",2012-07-20,1376.51001,1376.51001,1362.660034,91.56,1620,-0.125506072874494
"644",2012-07-23,1362.339966,1362.339966,1350.52002,87.77,1613,-0.0763052208835341
"645",2012-07-24,1350.52002,1351.530029,1338.310059,88.28,1643,0.0164609053497942
"646",2012-07-25,1338.349976,1343.97998,1337.890015,88.8,1659,-0.0186666666666667
"647",2012-07-26,1338.170044,1363.130005,1360.02002,89.4,1598,-0.0410094637223975
"648",2012-07-27,1360.050049,1389.189941,1385.969971,90.13,1689,0.0384615384615385
"649",2012-07-30,1385.939941,1391.73999,1385.300049,89.8,1722,-0.0730337078651685
"650",2012-07-31,1385.27002,1387.160034,1379.319946,88.08,1793,-0.0251396648044693
"651",2012-08-01,1379.319946,1385.030029,1375.319946,88.99,1799,0.0450928381962865
"652",2012-08-02,1375.130005,1375.130005,1365,87.22,1794,-0.0268096514745308
"653",2012-08-03,1365.449951,1394.160034,1390.98999,91.4,1794,-0.0110497237569061
"654",2012-08-06,1391.040039,1399.630005,1394.22998,92.3,1782,-0.00645161290322581
"655",2012-08-07,1394.459961,1407.140015,1401.349976,93.68,1818.5,-0.0353260869565217
"656",2012-08-08,1401.22998,1404.140015,1402.219971,93.39,1820,0.0364145658263305
"657",2012-08-09,1402.26001,1405.949951,1402.800049,93.39,1834,0.0375335120643432
"658",2012-08-10,1402.579956,1405.97998,1405.869995,92.94,1851,0.119883040935673
"659",2012-08-13,1405.869995,1405.869995,1404.109985,92.76,1855,-0.0237388724035608
"660",2012-08-14,1404.359985,1410.030029,1403.930054,93.4,1810,-0.131926121372032
"661",2012-08-15,1403.890015,1407.72998,1405.530029,94.35,1895,-0.0180722891566265
"662",2012-08-16,1405.569946,1417.439941,1415.51001,95.66,1875.25,-0.0114285714285714
"663",2012-08-17,1415.839966,1418.709961,1418.160034,96,1821,-0.0869565217391304
"664",2012-08-20,1417.849976,1418.130005,1418.130005,96.03,1813.5,-0.0984615384615385
"665",2012-08-21,1418.130005,1426.680054,1413.170044,96.55,1825,0.0113314447592068
"666",2012-08-22,1413.089966,1416.119995,1413.48999,96.89,1788,-0.123209169054441
"667",2012-08-23,1413.48999,1413.48999,1402.079956,95.87,1788,-0.0365168539325843
"668",2012-08-24,1401.98999,1413.459961,1411.130005,95.78,1729,-0.0989583333333333
"669",2012-08-27,1411.130005,1416.170044,1410.439941,95.54,1770,0.0028328611898017
"670",2012-08-28,1410.439941,1413.630005,1409.300049,96.3,1876,-0.076271186440678
"671",2012-08-29,1409.319946,1413.949951,1410.48999,95.5,1877.5,-0.0307262569832402
"672",2012-08-30,1410.079956,1410.079956,1399.47998,94.61,1848,0.0325732899022801
"673",2012-08-31,1400.069946,1413.089966,1406.579956,96.47,1824,0.0549450549450549
"674",2012-09-04,1406.540039,1409.310059,1404.939941,95.34,1790,-0.0623052959501558
"675",2012-09-05,1404.939941,1408.810059,1403.439941,95.37,1782.5,-0.0588235294117647
"676",2012-09-06,1403.73999,1432.119995,1432.119995,95.58,1739,-0.00651465798045603
"677",2012-09-07,1432.119995,1437.920044,1437.920044,96.41,1736,-0.0158227848101266
"678",2012-09-10,1437.920044,1438.73999,1429.079956,96.52,1760,0.00673400673400673
"679",2012-09-11,1429.130005,1437.76001,1433.560059,97.03,1772,0.0440251572327044
"680",2012-09-12,1433.560059,1439.150024,1436.560059,97.02,1736,0.0330578512396694
"681",2012-09-13,1436.560059,1463.76001,1459.98999,98.3,1693,0.0528052805280528
"682",2012-09-14,1460.069946,1474.51001,1465.77002,98.94,1658.75,-0.0431372549019608
"683",2012-09-17,1465.420044,1465.630005,1461.189941,96.51,1679.5,0.0662650602409639
"684",2012-09-18,1461.189941,1461.469971,1459.319946,95.25,1669.25,-0.0235294117647059
"685",2012-09-19,1459.5,1465.150024,1461.050049,91.97,1637.75,-0.0334261838440111
"686",2012-09-20,1461.050049,1461.22998,1460.26001,92.14,1623,0.0718390804597701
"687",2012-09-21,1460.339966,1467.069946,1460.150024,92.64,1628.5,0.00887573964497041
"688",2012-09-24,1459.76001,1460.719971,1456.890015,91.68,1613.5,-0.0809859154929577
"689",2012-09-25,1456.939941,1463.23999,1441.589966,91.07,1625,-0.0471380471380471
"690",2012-09-26,1441.599976,1441.599976,1433.319946,89.92,1612.75,0
"691",2012-09-27,1433.359985,1450.199951,1447.150024,91.89,1613.5,0.0498338870431894
"692",2012-09-28,1447.130005,1447.130005,1440.670044,92.18,1602,-0.0224358974358974
"693",2012-10-01,1440.900024,1457.140015,1444.48999,92.44,1601,-0.0256410256410256
"694",2012-10-02,1444.98999,1451.52002,1445.75,91.88,1586,-0.0823529411764706
"695",2012-10-03,1446.050049,1454.300049,1450.98999,88.19,1601,-0.0357142857142857
"696",2012-10-04,1451.079956,1463.140015,1461.400024,91.69,1599,0.0536723163841808
"697",2012-10-05,1461.400024,1470.959961,1460.930054,89.87,1587,0.0524691358024691
"698",2012-10-08,1460.930054,1460.930054,1455.880005,89.43,1590.5,-0.034375
"699",2012-10-09,1455.900024,1455.900024,1441.47998,92.42,1579,0.0200573065902579
"700",2012-10-10,1441.47998,1442.52002,1432.560059,91.24,1550.5,0.0225352112676056
"701",2012-10-11,1432.819946,1443.900024,1432.839966,92.19,1555.5,0.0428954423592493
"702",2012-10-12,1432.839966,1438.430054,1428.589966,91.83,1541.5,-0.135294117647059
"703",2012-10-15,1428.75,1441.310059,1440.130005,91.84,1527.5,0.0277777777777778
"704",2012-10-16,1440.310059,1455.51001,1454.920044,92.07,1527.25,-0.0417827298050139
"705",2012-10-17,1454.219971,1462.199951,1460.910034,92.04,1510,-0.050131926121372
"706",2012-10-18,1460.939941,1464.02002,1457.339966,92,1483,0.088
"707",2012-10-19,1457.339966,1457.339966,1433.189941,90,1505.5,-0.0368271954674221
"708",2012-10-22,1433.209961,1435.459961,1433.819946,88.3,1504.25,0.0706214689265537
"709",2012-10-23,1433.73999,1433.73999,1413.109985,86.65,1499,0.0503978779840849
"710",2012-10-24,1413.199951,1420.040039,1408.75,85.39,1498,-0.011142061281337
"711",2012-10-25,1409.73999,1421.119995,1412.969971,85.59,1514.75,-0.101983002832861
"712",2012-10-26,1412.969971,1417.089966,1411.939941,85.84,1523,-0.0342857142857143
"713",2012-10-31,1410.98999,1418.76001,1412.160034,86.23,1552.5,-0.0283400809716599
"714",2012-11-01,1412.199951,1428.349976,1427.589966,87.05,1544.75,0.0341880341880342
"715",2012-11-02,1427.589966,1434.27002,1414.199951,84.9,1544,0.03601108033241
"716",2012-11-05,1414.02002,1419.900024,1417.26001,85.64,1537.5,-0.00581395348837209
"717",2012-11-06,1417.26001,1433.380005,1428.390015,88.62,1523.25,0.00321543408360129
"718",2012-11-07,1428.27002,1428.27002,1394.530029,84.5,1529.75,0.0550724637681159
"719",2012-11-08,1394.530029,1401.22998,1377.51001,85.07,1516,0
"720",2012-11-09,1377.550049,1391.390015,1379.849976,86.08,1526.25,-0.0294117647058824
"721",2012-11-12,1379.859985,1384.869995,1380.030029,85.56,1529.25,0.117486338797814
"722",2012-11-13,1380.030029,1388.810059,1374.530029,85.38,1537.75,-0.0395480225988701
"723",2012-11-14,1374.640015,1380.130005,1355.48999,86.32,1537.75,0.0135869565217391
"724",2012-11-15,1355.410034,1360.619995,1353.329956,85.45,1545,0.149584487534626
"725",2012-11-16,1353.359985,1362.030029,1359.880005,86.62,1549,0.0536912751677852
"726",2012-11-19,1359.880005,1386.890015,1386.890015,89.05,1540,-0.0454545454545455
"727",2012-11-20,1386.819946,1389.77002,1387.810059,86.46,1539.5,0.0118694362017804
"728",2012-11-21,1387.790039,1391.25,1391.030029,87.08,1533.75,-0.0107238605898123
"729",2012-11-23,1391.030029,1409.160034,1409.150024,87.01,1536.5,0.0124610591900312
"730",2012-11-26,1409.150024,1409.150024,1406.290039,87.28,1533,0.0561797752808989
"731",2012-11-27,1406.290039,1409.01001,1398.939941,86.81,1518.5,0.0687679083094556
"732",2012-11-28,1398.77002,1410.310059,1409.930054,86.1,1526.25,-0.00307692307692308
"733",2012-11-29,1409.959961,1419.699951,1415.949951,87.64,1527,0.0217391304347826
"734",2012-11-30,1415.949951,1418.859985,1416.180054,88.54,1510.5,-0.0323529411764706
"735",2012-12-03,1416.339966,1423.72998,1409.459961,88.69,1490.75,0.0214723926380368
"736",2012-12-04,1409.459961,1413.140015,1407.050049,88.04,1493,-0.029585798816568
"737",2012-12-05,1407.050049,1415.560059,1409.280029,87.36,1496.5,0
"738",2012-12-06,1409.430054,1413.949951,1413.939941,85.47,1478.5,0.00895522388059702
"739",2012-12-07,1413.949951,1420.339966,1418.069946,85.45,1500.75,-0.0272727272727273
"740",2012-12-10,1418.069946,1421.640015,1418.550049,85.14,1505.75,-0.0459770114942529
"741",2012-12-11,1418.550049,1434.27002,1427.839966,85.36,1489.5,0.0712166172106825
"742",2012-12-12,1427.839966,1438.589966,1428.47998,86.35,1508,-0.054140127388535
"743",2012-12-13,1428.47998,1431.359985,1419.449951,85.39,1513.5,0.00564971751412429
"744",2012-12-14,1419.449951,1419.449951,1413.579956,86.32,1502,-0.0316091954022989
"745",2012-12-17,1413.540039,1430.670044,1430.359985,86.71,1486.5,-0.170886075949367
"746",2012-12-18,1430.469971,1448,1446.790039,87.46,1511,-0.0574018126888218
"747",2012-12-19,1446.790039,1447.75,1435.810059,89.09,1541,-0.105882352941176
"748",2012-12-20,1435.810059,1443.699951,1443.689941,89.76,1540.25,0.0307692307692308
"749",2012-12-21,1443.670044,1443.670044,1430.150024,88.2,1535.5,-0.0793650793650794
"750",2012-12-24,1430.150024,1430.150024,1426.660034,88.29,1535.5,-0.0170454545454545
"751",2012-12-26,1426.660034,1429.420044,1419.829956,90.71,1535.5,-0.301075268817204
"752",2012-12-27,1419.829956,1422.800049,1418.099976,90.91,1511,-0.202247191011236
"753",2012-12-28,1418.099976,1418.099976,1402.430054,90.66,1497.5,-0.0563380281690141
"754",2012-12-31,1402.430054,1426.73999,1426.189941,91.83,1504,-0.065989847715736
"755",2013-01-02,1426.189941,1462.430054,1462.420044,93.14,1504,-0.0980392156862745
"756",2013-01-03,1462.420044,1465.469971,1459.369995,92.97,1501,-0.0649350649350649
"757",2013-01-04,1459.369995,1467.939941,1466.469971,93.12,1490.5,-0.0544554455445545
"758",2013-01-07,1466.469971,1466.469971,1461.890015,93.2,1493,-0.0901960784313725
"759",2013-01-08,1461.890015,1461.890015,1457.150024,93.21,1476.75,-0.116541353383459
"760",2013-01-09,1457.150024,1464.72998,1461.02002,93.08,1465.75,-0.155038759689922
"761",2013-01-10,1461.02002,1472.300049,1472.119995,93.81,1457.5,-0.127340823970037
"762",2013-01-11,1472.119995,1472.75,1472.050049,93.6,1450.5,-0.104166666666667
"763",2013-01-14,1472.050049,1472.050049,1470.680054,94.27,1468,-0.163568773234201
"764",2013-01-15,1470.670044,1473.310059,1472.339966,93.26,1469.5,-0.0814332247557003
"765",2013-01-16,1472.329956,1473.959961,1472.630005,94.28,1459.5,-0.0773993808049536
"766",2013-01-17,1472.630005,1485.160034,1480.939941,95.49,1461.5,-0.0873239436619718
"767",2013-01-18,1480.949951,1485.97998,1485.97998,95.61,1433.5,-0.015527950310559
"768",2013-01-22,1485.97998,1492.560059,1492.560059,96.09,1435.5,-0.086687306501548
"769",2013-01-23,1492.560059,1496.130005,1494.810059,95.06,1418,-0.0997067448680352
"770",2013-01-24,1494.810059,1502.27002,1494.819946,95.35,1439,-0.0835913312693498
"771",2013-01-25,1494.819946,1503.26001,1502.959961,95.15,1425.5,-0.0577507598784195
"772",2013-01-28,1502.959961,1503.22998,1500.180054,95.95,1417.5,0.00390625
"773",2013-01-29,1500.180054,1509.349976,1507.839966,97.62,1417,0.036144578313253
"774",2013-01-30,1507.839966,1509.939941,1501.959961,97.98,1436,0.0487106017191977
"775",2013-01-31,1501.959961,1504.189941,1498.109985,97.65,1447,-0.0411764705882353
"776",2013-02-01,1498.109985,1514.410034,1513.170044,97.46,1439.5,-0.0540540540540541
"777",2013-02-04,1513.170044,1513.170044,1495.709961,96.21,1426,0.00591715976331361
"778",2013-02-05,1495.709961,1514.959961,1511.290039,96.68,1432,0.0111111111111111
"779",2013-02-06,1511.290039,1512.530029,1512.119995,96.44,1420,-0.0168539325842697
"780",2013-02-07,1512.119995,1512.900024,1509.390015,95.84,1403.75,-0.0810055865921788
"781",2013-02-08,1509.390015,1518.310059,1517.930054,95.71,1402,0.0630372492836676
"782",2013-02-11,1517.930054,1518.310059,1517.01001,97.01,1400.5,0.0193548387096774
"783",2013-02-12,1517.01001,1522.290039,1519.430054,97.48,1422.25,-0.0432098765432099
"784",2013-02-13,1519.430054,1524.689941,1520.329956,97.03,1411.5,-0.0138888888888889
"785",2013-02-14,1520.329956,1523.140015,1521.380005,97.3,1413.25,0.0716417910447761
"786",2013-02-15,1521.380005,1524.23999,1519.790039,95.95,1431,-0.0321543408360129
"787",2013-02-19,1519.790039,1530.939941,1530.939941,96.69,1426.25,-0.0113960113960114
"788",2013-02-20,1530.939941,1530.939941,1511.949951,94.92,1437.5,-0.0560224089635854
"789",2013-02-21,1511.949951,1511.949951,1502.420044,92.79,1427,-0.0208955223880597
"790",2013-02-22,1502.420044,1515.640015,1515.599976,93.12,1421.5,-0.0204778156996587
"791",2013-02-25,1515.599976,1525.839966,1487.849976,92.74,1435.5,0.00835654596100279
"792",2013-02-26,1487.849976,1498.98999,1496.939941,92.63,1420.75,-0.025
"793",2013-02-27,1496.939941,1520.079956,1515.98999,92.84,1411,-0.0348837209302326
"794",2013-02-28,1515.98999,1525.339966,1514.680054,92.03,1402.5,-0.0454545454545455
"795",2013-03-01,1514.680054,1519.98999,1518.199951,90.71,1411.5,-0.068870523415978
"796",2013-03-04,1518.199951,1525.27002,1525.199951,90.13,1409.25,0.126984126984127
"797",2013-03-05,1525.199951,1543.469971,1539.790039,90.88,1401,-0.0286532951289398
"798",2013-03-06,1539.790039,1545.25,1541.459961,90.47,1383.5,0.0163934426229508
"799",2013-03-07,1541.459961,1545.780029,1544.26001,91.53,1379,0.010989010989011
"800",2013-03-08,1544.26001,1552.47998,1551.180054,92.01,1371.25,0.0445103857566766
"801",2013-03-11,1551.150024,1556.27002,1556.219971,92.07,1372.75,-0.00323624595469256
"802",2013-03-12,1556.219971,1556.77002,1552.47998,92.44,1365,-0.0288184438040346
"803",2013-03-13,1552.47998,1556.390015,1554.52002,92.47,1364,-0.101648351648352
"804",2013-03-14,1554.52002,1563.319946,1563.22998,93.03,1353.25,0.056547619047619
"805",2013-03-15,1563.209961,1563.619995,1560.699951,93.49,1365,0.0771276595744681
"806",2013-03-18,1560.699951,1560.699951,1552.099976,93.71,1363.5,-0.0123456790123457
"807",2013-03-19,1552.099976,1557.25,1548.339966,92.44,1347.5,-0.0136239782016349
"808",2013-03-20,1548.339966,1561.560059,1558.709961,93.21,1355,-0.0398860398860399
"809",2013-03-21,1558.709961,1558.709961,1545.800049,92.46,1328,0.00815217391304348
"810",2013-03-22,1545.900024,1557.73999,1556.890015,93.41,1337,0.0692520775623269
"811",2013-03-25,1556.890015,1564.910034,1551.689941,94.55,1331.5,-0.0127388535031847
"812",2013-03-26,1551.689941,1563.949951,1563.77002,95.99,1327,0.0152439024390244
"813",2013-03-27,1563.75,1564.069946,1562.849976,96.53,1319,0.0957095709570957
"814",2013-03-28,1562.859985,1570.280029,1569.189941,97.24,1334.5,-0.0371352785145889
"815",2013-04-01,1569.180054,1570.569946,1562.170044,97.1,1328,0.00458715596330275
"816",2013-04-02,1562.170044,1573.660034,1570.25,97.23,1324,0.00940438871473354
"817",2013-04-03,1570.25,1571.469971,1553.689941,95.02,1343,0.0728862973760933
"818",2013-04-04,1553.689941,1562.599976,1559.97998,93.26,1343.5,-0.0441176470588235
"819",2013-04-05,1559.97998,1559.97998,1553.280029,92.76,1345.5,0.0817438692098093
"820",2013-04-08,1553.26001,1563.069946,1563.069946,93.36,1372,0.0655270655270655
"821",2013-04-09,1563.109985,1573.890015,1568.609985,94.18,1369.5,0.0250783699059561
"822",2013-04-10,1568.609985,1589.069946,1587.72998,94.59,1367,0.0261627906976744
"823",2013-04-11,1587.72998,1597.349976,1593.369995,93.44,1381.5,0.0027027027027027
"824",2013-04-12,1593.300049,1593.300049,1588.849976,91.23,1378.75,-0.0208333333333333
"825",2013-04-15,1588.839966,1588.839966,1552.359985,88.75,1374,0.0828571428571429
"826",2013-04-16,1552.359985,1575.349976,1574.569946,88.73,1368.25,0.050131926121372
"827",2013-04-17,1574.569946,1574.569946,1552.01001,86.65,1367,0.0231884057971014
"828",2013-04-18,1552.030029,1554.380005,1541.609985,87.83,1368.5,-0.0325443786982249
"829",2013-04-19,1541.609985,1555.890015,1555.25,88.04,1368,0.0263157894736842
"830",2013-04-22,1555.25,1565.550049,1562.5,88.81,1388.5,0.0494186046511628
"831",2013-04-23,1562.5,1579.579956,1578.780029,89.21,1405.5,0.0294117647058824
"832",2013-04-24,1578.780029,1583,1578.790039,91.07,1405.5,-0.0655737704918033
"833",2013-04-25,1578.930054,1592.640015,1585.160034,93.27,1405.5,0.0666666666666667
"834",2013-04-26,1585.160034,1585.780029,1582.23999,92.63,1412.5,-0.0422960725075529
"835",2013-04-29,1582.339966,1596.650024,1593.609985,94.09,1373.5,-0.102857142857143
"836",2013-04-30,1593.579956,1597.569946,1597.569946,93.22,1373.5,0.0288184438040346
"837",2013-05-01,1597.550049,1597.550049,1582.699951,90.74,1373.5,0.00584795321637427
"838",2013-05-02,1582.77002,1598.599976,1597.589966,93.7,1387,-0.101648351648352
"839",2013-05-03,1597.599976,1618.459961,1614.420044,95.25,1383,0.00318471337579618
"840",2013-05-06,1614.400024,1619.77002,1617.5,95.8,1380,-0.025
"841",2013-05-07,1617.550049,1626.030029,1625.959961,95.28,1368.5,-0.10455764075067
"842",2013-05-08,1625.949951,1632.780029,1632.689941,96.24,1363,-0.0797546012269939
"843",2013-05-09,1632.689941,1635.01001,1626.670044,96.09,1388.75,0.0469208211143695
"844",2013-05-10,1626.689941,1633.699951,1633.699951,95.81,1394.5,0.103896103896104
"845",2013-05-13,1632.099976,1636,1633.77002,94.76,1399,-0.0241691842900302
"846",2013-05-14,1633.75,1651.099976,1650.339966,93.96,1375.25,0.0315789473684211
"847",2013-05-15,1649.130005,1661.48999,1658.780029,93.95,1391.25,-0.1125
"848",2013-05-16,1658.069946,1660.51001,1650.469971,94.85,1385.5,-0.170588235294118
"849",2013-05-17,1652.449951,1667.469971,1667.469971,95.72,1420,-0.0357142857142857
"850",2013-05-20,1665.709961,1672.839966,1666.290039,96.29,1415.25,0.0697050938337802
"851",2013-05-21,1666.199951,1674.930054,1669.160034,95.55,1403.5,-0.0200573065902579
"852",2013-05-22,1669.390015,1687.180054,1655.349976,93.98,1389,0.0734463276836158
"853",2013-05-23,1651.619995,1655.5,1650.51001,94.12,1385.5,0.056547619047619
"854",2013-05-24,1646.670044,1649.780029,1649.599976,93.84,1383.5,0
"855",2013-05-28,1652.630005,1674.209961,1660.060059,94.65,1357,0.0175953079178886
"856",2013-05-29,1656.569946,1656.569946,1648.359985,93.13,1355,-0.0867208672086721
"857",2013-05-30,1649.140015,1661.910034,1654.410034,93.57,1372.5,0.00845070422535211
"858",2013-05-31,1652.130005,1658.98999,1630.73999,91.93,1377.5,-0.0201729106628242
"859",2013-06-03,1631.709961,1640.420044,1640.420044,93.41,1356.5,0.0294117647058824
"860",2013-06-04,1640.72998,1646.530029,1631.380005,93.36,1342.5,-0.0260869565217391
"861",2013-06-05,1629.050049,1629.310059,1608.900024,93.66,1350.25,-0.0603448275862069
"862",2013-06-06,1609.290039,1622.560059,1622.560059,94.71,1337.5,0.00276243093922652
"863",2013-06-07,1625.27002,1644.400024,1643.380005,96.11,1349,0.14375
"864",2013-06-10,1644.670044,1648.689941,1642.810059,95.82,1368.5,0.187943262411348
"865",2013-06-11,1638.640015,1640.130005,1626.130005,95.5,1388.5,0.0726744186046512
"866",2013-06-12,1629.939941,1637.709961,1612.52002,95.98,1398.5,-0.0185758513931889
"867",2013-06-13,1612.150024,1639.25,1636.359985,96.66,1390.5,0.003003003003003
"868",2013-06-14,1635.52002,1640.800049,1626.72998,97.83,1421,0.0229885057471264
"869",2013-06-17,1630.640015,1646.5,1639.040039,97.86,1388.5,0.0524475524475524
"870",2013-06-18,1639.77002,1654.189941,1651.810059,98.46,1395.5,0.0392749244712991
"871",2013-06-19,1651.829956,1652.449951,1628.930054,98.24,1381,0.0383386581469649
"872",2013-06-20,1624.619995,1624.619995,1588.189941,94.89,1345.5,0.0146198830409357
"873",2013-06-21,1588.619995,1599.189941,1592.430054,93.81,1351,0.00597014925373134
"874",2013-06-24,1588.77002,1588.77002,1573.089966,95.07,1354.5,0.0725075528700906
"875",2013-06-25,1577.52002,1593.790039,1588.030029,95.25,1346.75,-0.00276243093922652
"876",2013-06-26,1592.27002,1606.829956,1603.26001,95.47,1333.5,0.171014492753623
"877",2013-06-27,1606.439941,1620.069946,1613.199951,97,1324.5,0.177842565597668
"878",2013-06-28,1611.119995,1615.939941,1606.280029,96.36,1329.5,0.0900900900900901
"879",2013-07-01,1609.780029,1626.609985,1614.959961,97.94,1337.5,0.124242424242424
"880",2013-07-02,1614.290039,1624.26001,1614.079956,99.65,1322.5,-0.0261627906976744
"881",2013-07-03,1611.47998,1618.969971,1615.410034,101.92,1343.5,-0.15112540192926
"882",2013-07-05,1618.650024,1632.069946,1631.890015,103.09,1339,0.058641975308642
"883",2013-07-08,1634.199951,1644.680054,1640.459961,103.03,1339,-0.0520547945205479
"884",2013-07-09,1642.890015,1654.180054,1652.319946,103.46,1367.25,-0.090032154340836
"885",2013-07-10,1651.560059,1657.920044,1652.619995,106.41,1367.5,0.0660377358490566
"886",2013-07-11,1657.410034,1676.630005,1675.02002,104.77,1373.25,0.0068259385665529
"887",2013-07-12,1675.26001,1680.189941,1680.189941,105.85,1365.5,0.046875
"888",2013-07-15,1679.589966,1684.51001,1682.5,106.2,1348.5,-0.0672782874617737
"889",2013-07-16,1682.699951,1683.72998,1676.26001,105.88,1351.5,-0.0155763239875389
"890",2013-07-17,1677.910034,1684.75,1680.910034,106.39,1341.5,0.031055900621118
"891",2013-07-18,1681.050049,1693.119995,1689.369995,107.94,1345,-0.0301204819277108
"892",2013-07-19,1686.150024,1692.089966,1692.089966,108,1346.5,-0.12043795620438
"893",2013-07-22,1694.410034,1697.609985,1695.530029,106.61,1330.5,-0.0174927113702624
"894",2013-07-23,1696.630005,1698.780029,1692.390015,107.13,1313.5,0.128440366972477
"895",2013-07-24,1696.060059,1698.380005,1685.939941,105.41,1316.25,0.0906432748538012
"896",2013-07-25,1685.209961,1690.939941,1690.25,105.47,1307,0.05
"897",2013-07-26,1687.310059,1691.849976,1691.650024,104.76,1307.5,0.0335365853658537
"898",2013-07-29,1690.319946,1690.920044,1685.329956,104.61,1294,-0.0167130919220056
"899",2013-07-30,1687.920044,1693.189941,1685.959961,103.14,1297,-0.0818713450292398
"900",2013-07-31,1687.76001,1698.430054,1685.72998,105.1,1297,0.0716510903426791
"901",2013-08-01,1689.420044,1707.849976,1706.869995,107.93,1290.75,0.00583090379008746
"902",2013-08-02,1706.099976,1709.670044,1709.670044,106.94,1293.5,0.0436046511627907
"903",2013-08-05,1708.01001,1709.23999,1707.140015,106.61,1275,-0.0818181818181818
"904",2013-08-06,1705.790039,1705.790039,1697.369995,105.32,1279.25,0.0181818181818182
"905",2013-08-07,1695.300049,1695.300049,1690.910034,104.41,1274,0.0530973451327434
"906",2013-08-08,1693.349976,1700.180054,1697.47998,103.45,1272.5,0.201298701298701
"907",2013-08-09,1696.099976,1699.420044,1691.420044,106.04,1267,-0.036144578313253
"908",2013-08-12,1688.369995,1691.48999,1689.469971,106.19,1265.5,0.0735294117647059
"909",2013-08-13,1690.650024,1696.810059,1694.160034,106.78,1243.75,0.00286532951289398
"910",2013-08-14,1693.880005,1695.52002,1685.390015,106.89,1246.5,0.0842696629213483
"911",2013-08-15,1679.609985,1679.609985,1661.319946,107.43,1255,0.0435967302452316
"912",2013-08-16,1661.219971,1663.599976,1655.829956,107.58,1255,0.11304347826087
"913",2013-08-19,1655.25,1659.180054,1646.060059,107.14,1256.75,0.00309597523219814
"914",2013-08-20,1646.810059,1658.920044,1652.349976,104.9,1240.5,-0.0552325581395349
"915",2013-08-21,1650.660034,1656.98999,1642.800049,103.93,1248.5,0.047887323943662
"916",2013-08-22,1645.030029,1659.550049,1656.959961,104.93,1246.5,-0.0244648318042813
"917",2013-08-23,1659.920044,1664.849976,1663.5,106.48,1246,-0.00958466453674121
"918",2013-08-26,1664.290039,1669.51001,1656.780029,105.88,1235,0.0257142857142857
"919",2013-08-27,1652.540039,1652.540039,1630.47998,109.11,1235,-0.0321637426900585
"920",2013-08-28,1630.25,1641.180054,1634.959961,110.17,1237,0
"921",2013-08-29,1633.5,1646.410034,1638.170044,108.51,1237.5,0.139204545454545
"922",2013-08-30,1638.890015,1640.079956,1632.969971,107.98,1222,0.00837988826815642
"923",2013-09-03,1635.949951,1651.349976,1639.77002,108.67,1226,0.0744047619047619
"924",2013-09-04,1640.719971,1655.719971,1653.079956,107.29,1223.5,0.00579710144927536
"925",2013-09-05,1653.280029,1659.170044,1655.079956,108.5,1233.5,0.0769230769230769
"926",2013-09-06,1657.439941,1664.829956,1655.170044,110.62,1218,0.0845921450151057
"927",2013-09-09,1656.849976,1672.400024,1671.709961,109.62,1226,0.0526315789473684
"928",2013-09-10,1675.109985,1684.089966,1683.98999,107.48,1223.5,0.0185758513931889
"929",2013-09-11,1681.040039,1689.130005,1689.130005,107.65,1214.25,0.0989010989010989
"930",2013-09-12,1689.209961,1689.969971,1683.420044,108.72,1213,0.058641975308642
"931",2013-09-13,1685.040039,1688.72998,1687.98999,108.31,1205.5,0.122324159021407
"932",2013-09-16,1691.699951,1704.949951,1697.599976,106.54,1192.5,0.046875
"933",2013-09-17,1697.72998,1705.52002,1704.76001,105.36,1203,-0.0295081967213115
"934",2013-09-18,1705.73999,1729.439941,1725.52002,108.23,1207.75,-0.00309597523219814
"935",2013-09-19,1727.339966,1729.859985,1722.339966,106.26,1192.5,0.072289156626506
"936",2013-09-20,1722.439941,1725.22998,1709.910034,104.7,1199.5,0.0943396226415094
"937",2013-09-23,1711.439941,1711.439941,1701.839966,103.62,1187.5,-0.0772200772200772
"938",2013-09-24,1702.599976,1707.630005,1697.420044,103.22,1188.5,-0.0895522388059701
"939",2013-09-25,1698.02002,1701.709961,1692.77002,102.68,1169,0.079136690647482
"940",2013-09-26,1694.050049,1703.849976,1698.670044,103.1,1162.5,0.00732600732600733
"941",2013-09-27,1695.52002,1695.52002,1691.75,102.86,1157,0.00738007380073801
"942",2013-09-30,1687.26001,1687.26001,1681.550049,102.36,1168,0.01953125
"943",2013-10-01,1682.410034,1696.550049,1695,102.09,1183.5,-0.0555555555555556
"944",2013-10-02,1691.900024,1693.869995,1693.869995,104.15,1190.5,-0.0103448275862069
"945",2013-10-03,1692.349976,1692.349976,1678.660034,103.29,1199.5,0.136942675159236
"946",2013-10-04,1678.790039,1691.939941,1690.5,103.83,1191.5,0.0166666666666667
"947",2013-10-07,1687.150024,1687.150024,1676.119995,103.07,1183,0.0867924528301887
"948",2013-10-08,1676.219971,1676.790039,1655.449951,103.54,1181,-0.0632911392405063
"949",2013-10-09,1656.98999,1662.469971,1656.400024,101.63,1189.25,0.0253968253968254
"950",2013-10-10,1660.880005,1692.560059,1692.560059,103.08,1208,0.0740740740740741
"951",2013-10-11,1691.089966,1703.439941,1703.199951,102.17,1207,-0.0273037542662116
"952",2013-10-14,1699.859985,1711.030029,1710.140015,102.46,1216,0.00315457413249211
"953",2013-10-15,1709.170044,1711.569946,1698.060059,101.15,1205.5,-0.0447761194029851
"954",2013-10-16,1700.48999,1721.76001,1721.540039,102.34,1208.75,-0.110410094637224
"955",2013-10-17,1720.170044,1733.449951,1733.150024,100.72,1193.5,-0.0504731861198738
"956",2013-10-18,1736.719971,1745.310059,1744.5,100.87,1193.25,-0.122754491017964
"957",2013-10-21,1745.199951,1747.790039,1744.660034,99.28,1195,0.144654088050314
"958",2013-10-22,1746.47998,1759.329956,1754.670044,97.63,1201.5,0.110367892976589
"959",2013-10-23,1752.27002,1752.27002,1746.380005,96.9,1234,0.0484330484330484
"960",2013-10-24,1747.47998,1753.939941,1752.069946,96.65,1244,-0.0557184750733138
"961",2013-10-25,1756.01001,1759.819946,1759.77002,97.4,1234.5,0.0903614457831325
"962",2013-10-28,1759.420044,1764.98999,1762.109985,98.74,1261,-0.0595611285266458
"963",2013-10-29,1762.930054,1772.089966,1771.949951,98.29,1254,0.0562130177514793
"964",2013-10-30,1772.27002,1775.219971,1763.310059,96.81,1236.25,0.0492753623188406
"965",2013-10-31,1763.23999,1768.530029,1756.540039,96.29,1226.5,0.0947075208913649
"966",2013-11-01,1758.699951,1765.670044,1761.640015,94.56,1236,-0.0362537764350453
"967",2013-11-04,1763.400024,1768.780029,1767.930054,94.58,1254.5,0.0474683544303797
"968",2013-11-05,1765.670044,1767.030029,1762.969971,93.4,1256,0.0952380952380952
"969",2013-11-06,1765,1773.73999,1770.48999,94.74,1245,0.027190332326284
"970",2013-11-07,1770.73999,1774.540039,1747.150024,94.25,1234.5,-0.0372670807453416
"971",2013-11-08,1748.369995,1770.780029,1770.609985,94.56,1225,-0.038961038961039
"972",2013-11-11,1769.959961,1773.439941,1771.890015,95.13,1223.75,0.0126182965299685
"973",2013-11-12,1769.51001,1771.780029,1767.689941,93.12,1220,0.00934579439252336
"974",2013-11-13,1764.369995,1782,1782,93.91,1217.5,0.0771929824561404
"975",2013-11-14,1782.75,1791.530029,1790.619995,93.76,1233.5,0.0903426791277259
"976",2013-11-15,1790.660034,1798.219971,1798.180054,93.8,1246,0.125
"977",2013-11-18,1798.819946,1802.329956,1791.530029,93.03,1215,0.00890207715133531
"978",2013-11-19,1790.790039,1795.51001,1787.869995,93.35,1203.5,-0.0227272727272727
"979",2013-11-20,1789.589966,1795.72998,1781.369995,93.34,1215,-0.0148809523809524
"980",2013-11-21,1783.52002,1797.160034,1795.849976,95.35,1215,-0.0578034682080925
"981",2013-11-22,1797.209961,1804.839966,1804.76001,94.53,1227.75,-0.0343839541547278
"982",2013-11-25,1806.329956,1808.099976,1802.47998,93.86,1207.5,0.0477815699658703
"983",2013-11-26,1802.869995,1808.420044,1802.75,93.41,1211,0.00986842105263158
"984",2013-11-27,1803.47998,1808.27002,1807.22998,92.05,1212,0.0555555555555556
"985",2013-11-29,1808.689941,1813.550049,1805.810059,92.55,1198.25,-0.0255591054313099
"986",2013-12-02,1806.550049,1810.02002,1800.900024,93.61,1187,0.0690789473684211
"987",2013-12-03,1800.099976,1800.099976,1795.150024,95.83,1179.75,0.0574324324324324
"988",2013-12-04,1793.150024,1799.800049,1792.810059,96.97,1192,-0.0594059405940594
"989",2013-12-05,1792.819946,1792.819946,1785.030029,97.14,1195,0.0129032258064516
"990",2013-12-06,1788.359985,1806.040039,1805.089966,97.48,1216.75,0.0231023102310231
"991",2013-12-09,1806.209961,1811.52002,1808.369995,97.1,1236,0.0555555555555556
"992",2013-12-10,1807.599976,1808.52002,1802.619995,98.32,1236.5,0.0625
"993",2013-12-11,1802.76001,1802.969971,1782.219971,97.25,1237.5,0.104377104377104
"994",2013-12-12,1781.709961,1782.98999,1775.5,97.21,1237.5,0.10738255033557
"995",2013-12-13,1777.97998,1780.920044,1775.319946,96.27,1222.5,0.0586319218241042
"996",2013-12-16,1777.47998,1792.219971,1786.540039,97.18,1196.5,0.0135135135135135
"997",2013-12-17,1786.469971,1786.77002,1781,96.99,1202.25,-0.0736434108527132
"998",2013-12-18,1781.459961,1811.079956,1810.650024,97.59,1185.25,-0.122448979591837
"999",2013-12-19,1809,1810.880005,1809.599976,98.4,1165,-0.00790513833992095
"1000",2013-12-20,1810.390015,1823.75,1818.319946,99.11,1185,0.0862745098039216
"1001",2013-12-23,1822.920044,1829.75,1827.98999,98.62,1179.25,-0.00505050505050505
"1002",2013-12-24,1828.02002,1833.319946,1833.319946,98.87,1179.25,0.06
"1003",2013-12-26,1834.959961,1842.839966,1842.02002,99.18,1166.75,-0.0196078431372549
"1004",2013-12-27,1842.969971,1844.890015,1841.400024,99.94,1161,-0.0962962962962963
"1005",2013-12-30,1841.469971,1842.469971,1841.069946,98.9,1149.5,-0.0617283950617284
"1006",2013-12-31,1842.609985,1849.439941,1848.359985,98.17,1154.5,-0.111801242236025
"1007",2014-01-02,1845.859985,1845.859985,1831.97998,95.14,1139.5,0.0053763440860215
"1008",2014-01-03,1833.209961,1838.23999,1831.369995,93.66,1133.75,0.0471204188481675
"1009",2014-01-06,1832.310059,1837.160034,1826.77002,93.12,1143,-0.0660377358490566
"1010",2014-01-07,1828.709961,1840.099976,1837.880005,93.31,1144.75,0.040983606557377
"1011",2014-01-08,1837.900024,1840.02002,1837.48999,91.9,1136.25,-0.191489361702128
"1012",2014-01-09,1839,1843.22998,1838.130005,91.36,1151.5,-0.163636363636364
"1013",2014-01-10,1840.060059,1843.150024,1842.369995,92.39,1154.5,0.00796812749003984
"1014",2014-01-13,1841.26001,1843.449951,1819.199951,91.45,1153.75,-0.0646551724137931
"1015",2014-01-14,1821.359985,1839.26001,1838.880005,92.15,1148.25,-0.00714285714285714
"1016",2014-01-15,1840.52002,1850.839966,1848.380005,93.78,1158.75,-0.0251798561151079
"1017",2014-01-16,1847.98999,1847.98999,1845.890015,93.54,1152.5,0.02
"1018",2014-01-17,1844.22998,1846.040039,1838.699951,93.96,1148,-0.0385964912280702
"1019",2014-01-21,1841.050049,1849.310059,1843.800049,94.51,1142,-0.128113879003559
"1020",2014-01-22,1844.709961,1846.869995,1844.859985,96.35,1132.75,-0.024822695035461
"1021",2014-01-23,1842.290039,1842.290039,1828.459961,97.23,1123.5,0.0215827338129496
"1022",2014-01-24,1826.959961,1826.959961,1790.290039,96.66,1123.5,0.0604838709677419
"1023",2014-01-27,1791.030029,1795.97998,1781.560059,95.82,1115.5,-0.0304347826086957
"1024",2014-01-28,1783,1793.869995,1792.5,97.49,1107,-0.0445205479452055
"1025",2014-01-29,1790.150024,1790.150024,1774.199951,97.34,1107.5,0.0697674418604651
"1026",2014-01-30,1777.170044,1798.77002,1794.189941,98.25,1096.5,0.0740740740740741
"1027",2014-01-31,1790.880005,1793.880005,1782.589966,97.55,1093,-0.0252365930599369
"1028",2014-02-03,1782.680054,1784.829956,1741.890015,96.44,1090.75,-0.0604026845637584
"1029",2014-02-04,1743.819946,1758.72998,1755.199951,97.24,1101.5,-0.0695364238410596
"1030",2014-02-05,1753.380005,1755.790039,1751.640015,97.4,1097.25,-0.0099009900990099
"1031",2014-02-06,1752.98999,1774.060059,1773.430054,97.84,1105.5,0.054140127388535
"1032",2014-02-07,1776.01001,1798.030029,1797.02002,99.98,1122.75,0.045016077170418
"1033",2014-02-10,1796.199951,1799.939941,1799.839966,100.12,1121.75,-0.0516129032258065
"1034",2014-02-11,1800.449951,1823.540039,1819.75,99.96,1124.75,0.00657894736842105
"1035",2014-02-12,1820.119995,1826.550049,1819.26001,100.38,1104.25,0.0987654320987654
"1036",2014-02-13,1814.819946,1830.25,1829.829956,100.27,1106.25,0.142857142857143
"1037",2014-02-14,1828.459961,1841.650024,1838.630005,100.31,1104,0.0623052959501558
"1038",2014-02-18,1839.030029,1842.869995,1840.76001,102.54,1120.5,0.0596026490066225
"1039",2014-02-19,1838.900024,1847.5,1828.75,103.46,1115.75,0.0766666666666667
"1040",2014-02-20,1829.23999,1842.790039,1839.780029,103.2,1125.75,0.0755287009063444
"1041",2014-02-21,1841.069946,1846.130005,1836.25,102.53,1135,0.0856269113149847
"1042",2014-02-24,1836.780029,1858.709961,1847.609985,103.17,1134.5,0.0511182108626198
"1043",2014-02-25,1847.660034,1852.910034,1845.119995,102.2,1136.5,0.134020618556701
"1044",2014-02-26,1845.790039,1852.650024,1845.160034,102.93,1126.5,-0.0338461538461538
"1045",2014-02-27,1844.900024,1854.530029,1854.290039,102.68,1114,0.0628930817610063
"1046",2014-02-28,1855.119995,1867.920044,1859.449951,102.88,1108.25,0.0238095238095238
"1047",2014-03-03,1857.680054,1857.680054,1845.72998,105.34,1094.5,0.0673076923076923
"1048",2014-03-04,1849.22998,1876.22998,1873.910034,103.64,1103,0.0565371024734982
"1049",2014-03-05,1874.050049,1876.530029,1873.810059,101.75,1107,0.0481099656357388
"1050",2014-03-06,1874.180054,1881.939941,1877.030029,101.82,1115.25,0.0153846153846154
"1051",2014-03-07,1878.52002,1883.569946,1878.040039,102.82,1112.75,-0.0714285714285714
"1052",2014-03-10,1877.859985,1877.869995,1877.170044,101.39,1118,0.0260223048327138
"1053",2014-03-11,1878.26001,1882.349976,1867.630005,100.29,1119,0.0945945945945946
"1054",2014-03-12,1866.150024,1868.380005,1868.199951,98.29,1115.25,0.114478114478114
"1055",2014-03-13,1869.060059,1874.400024,1846.339966,98.57,1082,0.171617161716172
"1056",2014-03-14,1845.069946,1852.439941,1841.130005,99.23,1076.25,0.185534591194969
"1057",2014-03-17,1842.810059,1862.300049,1858.829956,98.43,1069.5,0.0327272727272727
"1058",2014-03-18,1858.920044,1873.76001,1872.25,100.08,1071.25,0.0599250936329588
"1059",2014-03-19,1872.25,1874.140015,1860.77002,100.71,1064,-0.0841121495327103
"1060",2014-03-20,1860.089966,1873.48999,1872.01001,99.68,1058,0.10738255033557
"1061",2014-03-21,1874.530029,1883.969971,1866.52002,99.97,1083.25,0.178321678321678
"1062",2014-03-24,1867.670044,1873.339966,1857.439941,100.05,1115.25,0.0503355704697987
"1063",2014-03-25,1859.47998,1871.869995,1865.619995,99.66,1111,0.00337837837837838
"1064",2014-03-26,1867.089966,1875.920044,1852.560059,100.61,1086.5,0.205387205387205
"1065",2014-03-27,1852.109985,1855.550049,1849.040039,101.25,1078.5,0.003125
"1066",2014-03-28,1850.069946,1866.630005,1857.619995,101.73,1088,0.131578947368421
"1067",2014-03-31,1859.160034,1875.180054,1872.339966,101.57,1094.75,0.128378378378378
"1068",2014-04-01,1873.959961,1885.839966,1885.52002,99.69,1093.25,-0.0803858520900322
"1069",2014-04-02,1886.609985,1893.170044,1890.900024,99.6,1095.25,0.0269360269360269
"1070",2014-04-03,1891.430054,1893.800049,1888.77002,100.29,1084,0.0482315112540193
"1071",2014-04-04,1890.25,1897.280029,1865.089966,101.16,1108.25,-0.079734219269103
"1072",2014-04-07,1863.920044,1864.040039,1845.040039,100.43,1120.25,0.105590062111801
"1073",2014-04-08,1845.47998,1854.949951,1851.959961,102.57,1133,0.062111801242236
"1074",2014-04-09,1852.640015,1872.430054,1872.180054,103.55,1128,0.00626959247648903
"1075",2014-04-10,1872.280029,1872.530029,1833.079956,103.37,1138.25,0.0316455696202532
"1076",2014-04-11,1830.650024,1835.069946,1815.689941,103.68,1127.25,0.038961038961039
"1077",2014-04-14,1818.180054,1834.189941,1830.609985,104.05,1151.25,0.0677966101694915
"1078",2014-04-15,1831.449951,1844.02002,1842.97998,103.7,1153,-0.0144927536231884
"1079",2014-04-16,1846.01001,1862.310059,1862.310059,103.71,1126.75,-0.0485436893203883
"1080",2014-04-17,1861.72998,1869.630005,1864.849976,104.33,1130.25,0.0294117647058824
"1081",2014-04-21,1865.790039,1871.890015,1871.890015,104.35,1130,0.109452736318408
"1082",2014-04-22,1872.569946,1884.890015,1879.550049,101.69,1123.25,0.0823970037453183
"1083",2014-04-23,1879.319946,1879.75,1875.390015,101.47,1121.5,0.0963855421686747
