,Date,Open,High,Close,WTI,Gold,Sentiment
1,04/01/2010,1681.71,1696.14,1696.14,81.52,1285.25,-0.114130435
2,05/01/2010,1701.62,1702.39,1690.62,81.74,1286.75,0.048582996
3,06/01/2010,1697.88,1706.89,1705.32,83.12,1299,-0.056451613
4,07/01/2010,1702.92,1707.9,1683.45,82.6,1299,-0.073469388
5,08/01/2010,1694.06,1695.26,1695.26,82.74,1301.5,0.004048583
6,11/01/2010,1700.79,1705.73,1694.12,82.54,1298,-0.112903226
7,12/01/2010,1695.83,1701.16,1698.64,80.79,1325.75,-0.120967742
8,13/01/2010,1683.51,1687.58,1671.41,79.66,1318,-0.012295082
9,14/01/2010,1680.68,1692.78,1685.77,79.35,1320.5,-0.040322581
10,15/01/2010,1694.65,1704.43,1701.8,77.96,1301.75,-0.056910569
11,18/01/2010,1696.14,1716.62,1711.78,78.98,1309.5,-0.028225806
12,19/01/2010,1719.41,1723.22,1710.22,77.42,1299,-0.040650407
13,20/01/2010,1723.01,1723.01,1714.38,75.84,1297.25,-0.020242915
14,21/01/2010,1700.53,1722.01,1722.01,74.25,1284,-0.133064516
15,22/01/2010,1696.21,1706.09,1684.35,74.9,1292,-0.112903226
16,25/01/2010,1662.77,1681.83,1670.2,74.67,1283.75,0.048
17,26/01/2010,1670.47,1671.66,1637.34,73.64,1291.75,0.036585366
18,27/01/2010,1641.88,1643.64,1625.48,73.62,1294.75,0.036437247
19,28/01/2010,1632.58,1649.46,1642.43,72.85,1296,-0.153225806
20,29/01/2010,1621,1626.57,1602.43,74.41,1304,-0.008163265
21,01/02/2010,1603.87,1611.99,1606.44,77.21,1313.5,0.008130081
22,02/02/2010,1618.6,1618.6,1595.81,76.96,1310.75,-0.13253012
23,03/02/2010,1614.16,1618.86,1615.02,73.13,1336,-0.040160643
24,04/02/2010,1615.48,1619.37,1616.42,71.15,1327,-0.096774194
25,05/02/2010,1567.59,1575.16,1567.12,71.87,1338,-0.145228216
26,08/02/2010,1565.24,1566.3,1552.79,73.71,1355.75,-0.141129032
27,09/02/2010,1550.8,1571.96,1570.49,74.48,1378.5,0.008064516
28,10/02/2010,1578.83,1581.56,1570.12,75.23,1385,-0.106557377
29,11/02/2010,1574.95,1600.41,1597.81,74.11,1368.75,-0.077868852
30,12/02/2010,1595.95,1598.41,1593.66,76.98,1366,-0.012195122
31,16/02/2010,1589.97,1608.86,1601.05,77.27,1346.25,-0.124497992
32,17/02/2010,1619.04,1628.31,1627.43,78.97,1344,-0.125506073
33,18/02/2010,1630.89,1631.71,1621.19,79.77,1335.25,-0.065306122
34,19/02/2010,1611.09,1623.25,1593.9,80.04,1345.25,-0.028340081
35,22/02/2010,1617.16,1630.51,1627.1,78.61,1337,-0.012096774
36,23/02/2010,1626.75,1630.45,1628.9,79.75,1334.75,-0.089430894
37,24/02/2010,1616.55,1618.46,1612.83,77.99,1349.5,0.049180328
38,25/02/2010,1620.25,1621.84,1587.51,79.72,1326.5,-0.048582996
39,26/02/2010,1593.73,1596.55,1594.58,78.71,1332.25,-0.131147541
40,02/03/2010,1612.43,1620.15,1615.12,79.62,1331.75,-0.068825911
41,03/03/2010,1615.25,1622.63,1622.44,80.91,1339,-0.157258065
42,04/03/2010,1625.35,1631.1,1618.2,80.21,1334.75,-0.020242915
43,05/03/2010,1624.8,1634.57,1634.57,81.5,1323.25,-0.101626016
44,08/03/2010,1653.54,1660.28,1660.04,81.85,1316.25,-0.140562249
45,09/03/2010,1657.94,1661.26,1660.83,81.5,1320.5,-0.166666667
46,10/03/2010,1662,1662.88,1662.24,82.07,1320.75,-0.024291498
47,11/03/2010,1670.82,1672.48,1656.62,82.1,1320,-0.052208835
48,12/03/2010,1666.59,1666.86,1662.74,81.26,1296,-0.101214575
49,15/03/2010,1663.86,1667.44,1649.5,79.79,1289.5,-0.165322581
50,16/03/2010,1654.52,1655.27,1648.01,81.75,1282,-0.172131148
51,17/03/2010,1663.3,1682.86,1682.86,82.93,1277,0.012195122
52,18/03/2010,1679.21,1687.7,1675.17,82.16,1259.25,-0.052419355
53,19/03/2010,1682.52,1687.68,1686.11,80.58,1256.5,-0.170731707
54,22/03/2010,1678.51,1680.94,1672.67,81.26,1254.5,-0.217213115
55,23/03/2010,1685.07,1689.46,1681.82,81.68,1250.25,-0.072874494
56,24/03/2010,1693.56,1695.03,1681.01,80.29,1262,-0.105263158
57,25/03/2010,1680.42,1688.39,1688.39,80.25,1251,-0.12704918
58,26/03/2010,1683.96,1699.94,1697.72,79.75,1242.5,-0.016129032
59,29/03/2010,1681.99,1699.81,1691.99,81.92,1264,-0.08097166
60,30/03/2010,1705.51,1705.57,1700.19,82.14,1251.25,-0.115226337
61,31/03/2010,1702.58,1704.81,1692.85,83.45,1260.5,-0.077235772
62,01/04/2010,1695.3,1719.74,1719.17,84.53,1267,-0.008264463
63,02/04/2010,1723.29,1725.39,1723.49,86.36,1263,-0.131818182
64,05/04/2010,1728.27,1731,1724.99,86.54,1241,-0.105691057
65,06/04/2010,1732.98,1732.98,1726.09,85.64,1238,-0.097165992
66,07/04/2010,1725.31,1729.23,1726.6,85.17,1250,-0.138211382
67,08/04/2010,1722.13,1733.78,1733.78,84.6,1241.5,-0.053061224
68,09/04/2010,1735,1737.45,1724.47,84.07,1236,-0.028455285
69,12/04/2010,1730.37,1733.3,1710.3,83.8,1251.5,0.0875
70,13/04/2010,1714.96,1716.09,1710.59,85.62,1248,-0.056680162
71,14/04/2010,1720.42,1735.33,1735.33,85.25,1244.25,-0.106557377
72,15/04/2010,1745.52,1747.38,1743.91,82.97,1226,-0.097560976
73,16/04/2010,1742.24,1743.65,1734.49,81.52,1221,-0.260162602
74,19/04/2010,1708.39,1720.03,1705.3,82.98,1227.5,-0.032388664
75,20/04/2010,1715.83,1721.36,1718.03,82.78,1246.25,-0.080645161
76,21/04/2010,1730.37,1748.19,1747.58,82.89,1234.5,-0.158536585
77,22/04/2010,1737.29,1740.04,1739.52,84.34,1225,-0.211382114
78,23/04/2010,1747.92,1748.46,1737.03,84.2,1204.5,-0.012195122
79,26/04/2010,1745.98,1757.76,1752.2,82.43,1204.5,-0.07755102
80,27/04/2010,1748.84,1756.15,1749.55,83.22,1214.5,-0.251012146
81,28/04/2010,1716.17,1733.91,1733.91,85.17,1199,-0.12145749
82,29/04/2010,1738.77,1738.77,1728.42,86.07,1199,-0.130612245
83,30/04/2010,1742.32,1749.69,1741.56,86.19,1199,-0.146938776
84,03/05/2010,1735.68,1740.15,1721.21,82.73,1195.25,-0.134146341
85,04/05/2010,1730.57,1734.47,1718.75,80,1196,-0.085020243
86,06/05/2010,1679.79,1689.16,1684.71,77.18,1230.5,-0.053278689
87,07/05/2010,1632.45,1658.3,1647.5,75.1,1231.75,-0.111111111
88,10/05/2010,1661.61,1679.58,1677.63,76.89,1234.75,-0.097959184
89,11/05/2010,1692.4,1692.4,1670.24,76.37,1232,-0.179591837
90,12/05/2010,1678.79,1680.16,1663.03,75.65,1225.25,-0.086065574
91,13/05/2010,1683.76,1700,1694.58,74.38,1260.75,-0.097959184
92,14/05/2010,1685.75,1699.59,1695.63,71.61,1266.25,-0.182926829
93,17/05/2010,1668.57,1673.01,1651.51,70.08,1237,-0.155737705
94,18/05/2010,1662.31,1663.15,1643.24,69.38,1233,-0.132
95,19/05/2010,1621.32,1630.31,1630.08,69.91,1222.5,0.004081633
96,20/05/2010,1624.17,1640.47,1600.18,68.28,1227.5,-0.089430894
97,24/05/2010,1589.83,1612.91,1604.93,68.03,1217.25,-0.057142857
98,25/05/2010,1585.17,1585.6,1560.83,68.23,1229.5,-0.165991903
99,26/05/2010,1575.29,1582.12,1582.12,64.78,1253,-0.07755102
100,27/05/2010,1565.59,1611.59,1607.5,71.52,1245,-0.053278689
101,28/05/2010,1630.14,1630.18,1622.78,74.56,1247.5,-0.101214575
102,31/05/2010,1625.08,1641.25,1641.25,74,1243,-0.163265306
103,01/06/2010,1634.55,1643.08,1630.4,72.7,1246.25,-0.12345679
104,03/06/2010,1643.74,1663.67,1661.84,72.88,1240,0
105,04/06/2010,1660.99,1670.94,1664.13,74.62,1257,-0.194214876
106,07/06/2010,1628.06,1638.88,1637.97,71.43,1275.75,-0.191056911
107,08/06/2010,1635.01,1656.37,1651.48,71.55,1283.5,-0.191056911
108,09/06/2010,1653.12,1655.61,1647.22,71.88,1287.25,-0.114285714
109,10/06/2010,1651.92,1662.32,1651.7,74.38,1286,-0.176954733
110,11/06/2010,1674.61,1681.7,1675.34,75.48,1272.5,-0.077235772
111,14/06/2010,1683.29,1698.21,1690.6,73.89,1281.25,-0.04526749
112,15/06/2010,1687.85,1696.74,1690.03,74.99,1282.5,0.09375
113,17/06/2010,1707.29,1711.48,1707.92,76.84,1285.5,-0.115226337
114,18/06/2010,1710.4,1712.35,1711.95,77.67,1307.25,-0.197530864
115,21/06/2010,1728.37,1741.48,1739.68,76.82,1319,-0.289795918
116,22/06/2010,1727.96,1734.42,1731.48,77.18,1307.25,-0.044897959
117,23/06/2010,1722.52,1731.78,1725.82,77.84,1320.5,-0.176229508
118,24/06/2010,1724.85,1739.87,1739.87,77.15,1306.75,-0.147540984
119,25/06/2010,1721.53,1733.7,1729.84,75.9,1324,-0.077235772
120,28/06/2010,1734.53,1735.27,1732.03,75.96,1354.75,-0.021008403
121,29/06/2010,1735.31,1739.97,1707.76,78.45,1349.25,-0.024390244
122,30/06/2010,1678.54,1699.55,1698.29,78.26,1361,-0.135245902
123,01/07/2010,1687,1693.9,1686.24,75.93,1347.75,-0.066390041
124,02/07/2010,1688.95,1693.75,1671.82,75.59,1344.75,-0.0625
125,05/07/2010,1675.43,1680.39,1675.37,72.95,1331.25,0.048780488
126,06/07/2010,1664.87,1684.94,1684.94,72.06,1333,-0.223577236
127,07/07/2010,1685.77,1685.77,1675.65,71.96,1317.5,-0.028571429
128,08/07/2010,1699.17,1702.65,1698.64,74.05,1316.5,-0.093877551
129,09/07/2010,1708.72,1723.14,1723.01,75.46,1319.25,-0.053278689
130,12/07/2010,1731.73,1734.05,1734.05,76.08,1273.5,-0.032653061
131,13/07/2010,1737.92,1750.48,1735.08,74.93,1270.5,0.04048583
132,14/07/2010,1754.43,1764.81,1758.01,77.16,1285.5,-0.053061224
133,15/07/2010,1754.71,1759.19,1751.29,77.02,1265.5,-0.061983471
134,16/07/2010,1751.2,1754.28,1738.45,76.67,1298.5,-0.191056911
135,19/07/2010,1719.14,1737.9,1731.95,75.96,1304,-0.144032922
136,20/07/2010,1727.38,1740.82,1736.77,76.53,1329.5,-0.114285714
137,21/07/2010,1752.69,1755.66,1748.78,77.32,1323.5,-0.032653061
138,22/07/2010,1744.7,1752.58,1735.53,76.27,1309.75,0.028455285
139,23/07/2010,1756.38,1760.62,1758.06,79.01,1316,-0.114285714
140,26/07/2010,1760.1,1774.05,1769.07,78.68,1306.25,-0.012345679
141,27/07/2010,1775.47,1778.72,1768.31,78.93,1290.75,-0.269387755
142,28/07/2010,1773.69,1775.82,1773.47,77.46,1326.5,0.004115226
143,29/07/2010,1770.44,1776.96,1770.88,77.06,1341,-0.081632653
144,30/07/2010,1768.24,1774.74,1759.33,78.3,1333,-0.053719008
145,02/08/2010,1771.38,1784.1,1782.27,78.85,1322.75,-0.185185185
146,03/08/2010,1796,1796.28,1790.6,81.25,1314.25,-0.020576132
147,04/08/2010,1795.23,1795.23,1789.26,82.52,1323,-0.139344262
148,05/08/2010,1796.63,1797.42,1783.86,82.49,1349.25,0.082644628
149,06/08/2010,1782.47,1785.98,1783.83,82,1365.5,-0.090163934
150,09/08/2010,1779.38,1790.21,1790.17,80.67,1301,-0.070247934
151,10/08/2010,1792.12,1794.55,1781.13,81.46,1312.25,-0.098360656
152,11/08/2010,1775.34,1776.99,1758.19,80.24,1324,0.008097166
153,12/08/2010,1731.34,1742.8,1721.75,78.09,1318.5,0.016460905
154,13/08/2010,1731.15,1747.11,1746.24,75.68,1328,-0.114285714
155,16/08/2010,1735.36,1746.02,1743.31,75.39,1363.75,0
156,17/08/2010,1737.36,1757.22,1755.03,75.17,1358.25,0.032653061
157,18/08/2010,1763.84,1765.01,1761.99,75.76,1390,-0.044897959
158,19/08/2010,1763.6,1781.07,1779.64,75.39,1387,-0.008163265
159,20/08/2010,1769.02,1776.35,1775.54,74.45,1385,-0.073770492
160,23/08/2010,1780.59,1788.71,1767.71,73.45,1390,0.025316456
161,24/08/2010,1757.1,1771.76,1760.53,72.71,1399.5,0
162,25/08/2010,1745.77,1753.57,1734.79,71.24,1394.75,0.078512397
163,26/08/2010,1744.08,1744.4,1729.76,72.07,1407.75,-0.0781893
164,27/08/2010,1724,1732.84,1729.56,73.36,1419.5,-0.020408163
165,30/08/2010,1749.02,1760.35,1760.13,75.17,1419.25,-0.020408163
166,31/08/2010,1746.85,1752.07,1742.75,74.69,1377.5,-0.012244898
167,01/09/2010,1751.96,1767.21,1764.69,71.93,1377.5,-0.049382716
168,02/09/2010,1783.22,1783.85,1775.73,73.97,1375.5,-0.096638655
169,03/09/2010,1780.8,1786.04,1780.02,74.99,1363,-0.053497942
170,06/09/2010,1791.76,1794.07,1792.42,74.52,1372.5,-0.136363636
171,07/09/2010,1792.07,1796.5,1787.74,73.98,1365,-0.101626016
172,08/09/2010,1780.48,1785.48,1779.22,74.65,1369.25,-0.069958848
173,09/09/2010,1786.83,1790.47,1784.36,74.25,1329.75,-0.024489796
174,10/09/2010,1792.75,1808.18,1802.58,76.4,1326.5,0.048979592
175,13/09/2010,1812.03,1819.12,1818.86,77.17,1328.5,-0.061728395
176,14/09/2010,1824.78,1827.03,1815.25,76.78,1341,-0.041322314
177,15/09/2010,1817.3,1827,1823.88,75.92,1309,-0.171428571
178,16/09/2010,1822.35,1824.61,1811.85,74.58,1298.25,-0.151639344
179,17/09/2010,1823.64,1828.54,1827.35,73.63,1282.5,-0.139344262
180,20/09/2010,1821.52,1833.78,1832.63,74.81,1280.5,-0.149797571
181,24/09/2010,1830.22,1846.6,1846.6,72.96,1304.75,-0.024390244
182,27/09/2010,1856.42,1862.03,1860.83,72.98,1309.25,-0.05785124
183,28/09/2010,1859.04,1862.72,1855.97,73.4,1315,-0.179591837
184,29/09/2010,1865.27,1873.79,1866.45,74.63,1314.5,-0.024291498
185,30/09/2010,1870.21,1872.81,1872.81,76.51,1324.15,-0.082304527
186,01/10/2010,1872.39,1884,1876.73,76.15,1329.75,-0.10483871
187,04/10/2010,1884.49,1889.5,1879.29,77.85,1331,0.081632653
188,05/10/2010,1874.1,1885,1878.94,79.95,1326,0.02690583
189,06/10/2010,1897.07,1905.73,1903.95,81.57,1335,-0.141078838
190,07/10/2010,1901.2,1906.02,1900.85,81.43,1333.5,-0.056451613
191,08/10/2010,1900.86,1900.86,1897.07,82.83,1327,0.024
192,11/10/2010,1908.55,1909.01,1889.91,83.21,1295.75,-0.044
193,12/10/2010,1892.27,1893.13,1868.04,81.34,1283.25,-0.128
194,13/10/2010,1878.58,1881.2,1876.15,82.66,1297.25,-0.164658635
195,14/10/2010,1886.68,1899.76,1899.76,82.18,1291.5,-0.088
196,15/10/2010,1898.85,1903.25,1902.29,81.67,1284.75,-0.140562249
197,18/10/2010,1904.57,1904.79,1875.42,83.03,1279.75,-0.068
198,19/10/2010,1878.98,1885.23,1857.32,82.71,1285,0.056
199,20/10/2010,1844.41,1875.76,1870.44,81.23,1256,-0.125
200,21/10/2010,1878.51,1879.08,1874.69,83.06,1255.5,-0.052
201,22/10/2010,1882.08,1897.31,1897.31,79.57,1235.25,-0.144578313
202,25/10/2010,1902.51,1918.87,1915.71,81.93,1212.75,-0.072
203,26/10/2010,1913.25,1919.56,1919.41,80.03,1250,-0.116465863
204,27/10/2010,1919.48,1924.61,1909.54,81.15,1252.5,-0.169354839
205,28/10/2010,1909.38,1914.89,1907.87,82,1242.75,-0.188
206,29/10/2010,1913.61,1913.95,1882.95,82.6,1192,-0.012048193
207,01/11/2010,1889.57,1914.74,1914.74,81.9,1232.75,-0.012
208,03/11/2010,1931.13,1943.23,1935.97,82.2,1236.25,0.020080321
209,04/11/2010,1941.56,1945.58,1942.5,81.45,1279,0.004048583
210,05/11/2010,1962.34,1966.99,1938.96,82.94,1286.75,-0.040160643
211,08/11/2010,1946.76,1948.44,1942.41,83.91,1295.25,-0.012048193
212,09/11/2010,1943.56,1947.66,1947.46,84.45,1292.5,-0.228
213,10/11/2010,1945.73,1967.85,1967.85,86.49,1372.75,-0.072580645
214,11/11/2010,1966.5,1976.46,1914.73,86.85,1366.75,-0.100401606
215,12/11/2010,1951.35,1958.22,1913.12,87.07,1384.75,-0.044
216,15/11/2010,1918.69,1925.43,1913.81,87.04,1391.25,-0.044176707
217,16/11/2010,1912.11,1916.07,1899.13,87.77,1385,0.048387097
218,17/11/2010,1877.23,1908.17,1897.11,87.77,1382.75,-0.068
219,18/11/2010,1908.38,1929.24,1927.86,84.89,1374.25,-0.032
220,19/11/2010,1936.74,1940.96,1940.96,84.88,1383.25,-0.036
221,22/11/2010,1947.01,1954.78,1944.34,82.33,1386,-0.148
222,23/11/2010,1938.91,1943.48,1928.94,80.43,1400,-0.084
223,24/11/2010,1883.92,1928.45,1925.98,81.88,1404,-0.108
224,25/11/2010,1934.97,1935.59,1927.68,81.65,1399.5,0.084
225,26/11/2010,1932.78,1936.72,1901.8,81.24,1402.5,-0.12
226,29/11/2010,1904.95,1912.53,1895.54,80.79,1394.5,-0.088
227,30/11/2010,1889.89,1917.57,1904.63,83.21,1413.5,-0.056680162
228,01/12/2010,1907.7,1929.32,1929.32,83.87,1382.5,0.02
229,02/12/2010,1943.71,1950.26,1950.26,85.73,1376.5,0
230,03/12/2010,1960.61,1960.61,1957.26,84.12,1390.25,0.02
231,06/12/2010,1961.23,1961.47,1953.64,86.75,1380.5,-0.016064257
232,07/12/2010,1955.63,1964.64,1962.52,87.98,1408.5,-0.124497992
233,08/12/2010,1960.3,1970.91,1955.72,89.18,1360.75,0.012
234,09/12/2010,1963.88,1988.96,1988.96,89.33,1354.75,-0.100401606
235,10/12/2010,1984.11,1991.96,1986.14,88.69,1368.75,-0.060240964
236,13/12/2010,1993.42,1997.36,1996.59,88.3,1381,-0.072
237,14/12/2010,2000.6,2009.05,2009.05,88.35,1410,-0.12
238,15/12/2010,2009.2,2017.48,2017.48,87.81,1433.75,-0.06
239,16/12/2010,2009.86,2019.49,2009.24,88.62,1430.75,-0.089795918
240,17/12/2010,2018.28,2027.55,2026.3,88.33,1426.5,-0.016
241,20/12/2010,2008.14,2021.7,2020.28,88.66,1465.5,-0.036144578
242,21/12/2010,2035.11,2043.81,2037.09,87.71,1468,-0.044176707
243,22/12/2010,2039.35,2045.39,2038.11,88.02,1444.25,-0.148
244,23/12/2010,2042.41,2043.62,2037.53,88.68,1469.25,-0.204819277
245,24/12/2010,2040.64,2042.89,2029.6,89.3,1469.25,-0.080321285
246,27/12/2010,2024.56,2034.62,2022.19,89.83,1469.25,-0.052208835
247,28/12/2010,2028.41,2041.83,2033.32,90.84,1454.75,0.016
248,29/12/2010,2028.57,2043.49,2043.49,90.99,1469,-0.144736842
249,30/12/2010,2047.82,2052.97,2051,91.48,1467.5,-0.018292683
250,03/01/2011,2063.69,2070.09,2070.08,91.13,1471.5,-0.103626943
251,04/01/2011,2074.56,2085.14,2085.14,89.85,1451,-0.054455446
252,05/01/2011,2083.1,2087.14,2082.55,91.38,1428.5,-0.093264249
253,06/01/2011,2094.35,2096.65,2077.61,91.59,1408,-0.232876712
254,07/01/2011,2073.68,2086.2,2086.2,89.39,1424.5,-0.089285714
255,10/01/2011,2082.29,2088.64,2080.81,90.3,1405.5,-0.028
256,11/01/2011,2079.85,2088.32,2088.32,88.37,1393.75,-0.04526749
257,12/01/2011,2091.7,2098,2094.95,88.07,1392,-0.236947791
258,13/01/2011,2097.04,2109.34,2089.48,89.24,1380,0.024193548
259,14/01/2011,2089.7,2108.17,2108.17,91.11,1395,-0.116935484
260,17/01/2011,2112.37,2118.86,2099.85,91.85,1535.5,-0.173076923
261,18/01/2011,2095.85,2111.4,2096.48,91.39,1565,-0.072580645
262,19/01/2011,2106.53,2119.24,2115.69,91.53,1575,-0.008064516
263,20/01/2011,2111.41,2114.2,2106.66,91.38,1577.25,-0.032258065
264,21/01/2011,2103.74,2104.39,2069.92,90.85,1575,-0.004016064
265,24/01/2011,2067.32,2082.97,2082.16,88.56,1568,-0.08097166
266,25/01/2011,2092.27,2105.33,2086.67,88.22,1546.5,-0.044
267,26/01/2011,2093.59,2112.33,2110.46,86.74,1574.75,-0.096
268,27/01/2011,2115.04,2121.06,2115.01,85.08,1583.5,-0.18
269,28/01/2011,2115.69,2119.49,2107.87,86.15,1598.25,-0.115226337
270,31/01/2011,2080.6,2089.72,2069.73,84.45,1598.25,-0.124497992
271,01/02/2011,2079.92,2086.56,2072.03,88.15,1603,-0.192771084
272,07/02/2011,2102.76,2107.83,2081.74,90.99,1598,-0.092741935
273,08/02/2011,2090.47,2092.43,2069.7,89.54,1599.25,-0.212
274,09/02/2011,2077.12,2077.12,2045.58,89.78,1607.75,-0.144578313
275,10/02/2011,2041.07,2043.07,2008.5,89.42,1613.75,-0.184738956
276,11/02/2011,2010.29,2021.42,1977.19,87.87,1607.5,-0.112903226
277,14/02/2011,1999.09,2015.84,2014.59,86.3,1610.75,-0.228915663
278,16/02/2011,2007.08,2021.69,1989.11,85.85,1603.75,-0.088709677
279,17/02/2011,2002,2006.59,1977.22,85.59,1595.5,-0.108433735
280,18/02/2011,1989.24,2015.78,2013.14,85.44,1586,-0.153225806
281,21/02/2011,2014.15,2014.98,2005.3,84.39,1589.25,0.024221453
282,22/02/2011,1978.34,1982.7,1969.92,83.66,1594,-0.055214724
283,23/02/2011,1962.7,1977.99,1961.63,83.13,1579,-0.166666667
284,24/02/2011,1957.63,1970.66,1949.88,83.8,1581.75,-0.037735849
285,25/02/2011,1956.02,1965.48,1963.43,85.05,1579.5,-0.055350554
286,28/02/2011,1954.4,1958.59,1939.3,85.03,1574,-0.138418079
287,02/03/2011,1922.38,1940.78,1928.24,92.65,1579.75,-0.110526316
288,03/03/2011,1942.24,1970.66,1970.66,96.04,1574.25,-0.107462687
289,04/03/2011,1989.88,2008.89,2004.68,95.83,1582.25,-0.105740181
290,07/03/2011,1996.48,2005.43,1980.27,96.52,1588.5,-0.174603175
291,08/03/2011,1984.08,2007.24,1996.32,97.1,1604.25,-0.048979592
292,09/03/2011,2007.79,2016.68,2001.47,99.63,1590.5,-0.110204082
293,10/03/2011,1999.38,2001.27,1981.58,102.27,1586.25,-0.072289157
294,11/03/2011,1956.34,1970.7,1955.54,101.92,1576.5,0
295,14/03/2011,1949.08,1971.23,1971.23,104.34,1577,-0.156626506
296,15/03/2011,1966.82,1985.82,1923.92,105.37,1588.5,-0.072580645
297,16/03/2011,1951.68,1965.15,1957.97,105.06,1607.75,-0.085020243
298,17/03/2011,1921.59,1961.09,1959.03,104.39,1612.25,-0.098765432
299,18/03/2011,1963.17,1988.04,1981.13,102.73,1646,0.065306122
300,21/03/2011,1985.47,2005.32,2003.42,101.14,1645,-0.136363636
301,22/03/2011,2012.48,2016.27,2013.66,101.2,1647.5,-0.098360656
302,23/03/2011,2019.18,2022.14,2012.18,97.23,1652,-0.158536585
303,24/03/2011,2022.26,2036.93,2036.78,97.99,1668.25,-0.129554656
304,25/03/2011,2058.35,2060.29,2054.04,101.47,1668,-0.130612245
305,28/03/2011,2054.28,2059.92,2056.39,101.06,1674.25,-0.057142857
306,29/03/2011,2052.87,2072.13,2072.13,102.36,1673.5,0.016806723
307,30/03/2011,2075.91,2100.2,2091.38,104.53,1666,-0.154471545
308,31/03/2011,2098.09,2106.74,2106.7,105.21,1669,-0.236734694
309,01/04/2011,2107.67,2121.02,2121.01,105.04,1664.75,-0.117886179
310,04/04/2011,2124.37,2125.53,2115.87,104.89,1677.5,-0.12244898
311,05/04/2011,2118.08,2130.43,2130.43,103.54,1663.5,-0.108333333
312,06/04/2011,2129.13,2136.29,2126.71,104.34,1656.5,-0.223140496
313,07/04/2011,2133.31,2135.73,2122.14,103.8,1660,-0.074688797
314,08/04/2011,2119.01,2135.98,2127.97,106.19,1671,-0.098360656
315,11/04/2011,2127.2,2135.33,2122.39,107.55,1690.25,-0.098765432
316,12/04/2011,2117.21,2117.21,2089.4,108.14,1690.5,-0.070247934
317,13/04/2011,2091.68,2121.93,2121.92,107.82,1688.5,-0.166666667
318,14/04/2011,2116.49,2141.07,2141.06,108.38,1675,-0.151020408
319,15/04/2011,2136.27,2142.71,2140.5,109.82,1676.25,-0.112449799
320,18/04/2011,2146.83,2149.45,2137.72,112.27,1680.5,-0.193548387
321,19/04/2011,2117.94,2136.95,2122.68,109.5,1666.5,-0.032128514
322,20/04/2011,2146.38,2169.94,2169.91,105.75,1657.5,-0.117886179
323,21/04/2011,2190.64,2211.36,2198.54,106.6,1675,0.032258065
324,22/04/2011,2203.04,2208.06,2197.82,107.73,1657.75,-0.116465863
325,25/04/2011,2205.2,2218.07,2216,109.17,1656,-0.157480315
326,26/04/2011,2219.47,2222.56,2206.3,106.7,1645.25,-0.104477612
327,27/04/2011,2225.95,2231.47,2206.7,107.18,1648,-0.063380282
328,28/04/2011,2215.42,2225.35,2208.35,110.84,1679.5,-0.14893617
329,29/04/2011,2211.33,2219.6,2192.36,111.72,1693.75,-0.046263345
330,02/05/2011,2203.09,2229.09,2228.96,111.68,1657.5,-0.054187192
331,03/05/2011,2224.4,2228.04,2200.73,111.72,1657.5,-0.004201681
332,04/05/2011,2196.9,2201.69,2180.64,112.31,1655.5,0.052459016
333,06/05/2011,2153.5,2156.81,2147.45,112.38,1651.5,-0.008645533
334,09/05/2011,2157.95,2161.93,2139.17,113.39,1651.5,-0.021472393
335,11/05/2011,2161.44,2166.63,2166.63,113.03,1651.5,-0.104247104
336,12/05/2011,2139.24,2149.42,2122.65,110.6,1650.5,-0.256097561
337,13/05/2011,2133.99,2134.53,2120.08,108.79,1665,-0.128514056
338,16/05/2011,2104.67,2115.25,2104.18,99.89,1694,-0.082304527
339,17/05/2011,2103.82,2111.44,2102.41,96.87,1695.75,-0.116935484
340,18/05/2011,2110.7,2138.72,2135.78,100.32,1696.25,-0.136546185
341,19/05/2011,2141.29,2143.41,2095.51,103.39,1692.75,0.044534413
342,20/05/2011,2101.45,2112.48,2111.5,97.88,1716.25,-0.148594378
343,23/05/2011,2100.44,2100.44,2055.71,98.53,1710,-0.179591837
344,24/05/2011,2052.44,2070.64,2061.76,99.21,1712.5,0.004065041
345,25/05/2011,2073.53,2082.12,2035.87,96.91,1701.5,-0.028340081
346,26/05/2011,2059.93,2094.35,2091.91,96.4,1694.25,-0.089795918
347,27/05/2011,2087.36,2111.36,2100.24,99.52,1694,0.032128514
348,30/05/2011,2115.27,2116.13,2093.79,97.99,1697.75,-0.203252033
349,31/05/2011,2104.16,2146.79,2142.47,99.15,1720,-0.052208835
350,01/06/2011,2142.67,2152.95,2141.34,97.06,1726,-0.004016064
351,02/06/2011,2098.37,2126.8,2114.2,99.13,1725,-0.070866142
352,03/06/2011,2123.47,2131.93,2113.47,100.78,1708,0.035714286
353,07/06/2011,2093.45,2106.85,2099.71,100.18,1746.25,-0.070866142
354,08/06/2011,2102.97,2109.11,2083.35,100.58,1750.5,-0.115226337
355,09/06/2011,2076.7,2088.82,2071.42,102.7,1734.5,-0.063492063
356,10/06/2011,2085.85,2093.94,2046.67,100.3,1724,-0.156626506
357,13/06/2011,2030.54,2057.65,2048.74,100.41,1732.25,-0.04
358,14/06/2011,2045.22,2082.25,2076.83,100.28,1730.5,-0.024291498
359,15/06/2011,2087.96,2091,2086.53,99.07,1713.5,-0.04
360,16/06/2011,2057.16,2068.17,2046.63,99.18,1710,-0.096385542
361,17/06/2011,2057.46,2058.67,2031.93,100.77,1725.75,-0.068548387
362,20/06/2011,2034.35,2047.12,2019.65,101.95,1726.25,-0.159663866
363,21/06/2011,2041.15,2051.19,2048.17,99.3,1735.25,-0.067114094
364,22/06/2011,2066.91,2074.46,2063.9,97.2,1738.25,-0.035714286
365,23/06/2011,2048.06,2064.96,2055.86,99.37,1717,-0.169491525
366,24/06/2011,2063.92,2090.82,2090.81,94.83,1715.25,-0.107438017
367,27/06/2011,2076.01,2076.94,2070.29,94.95,1691,-0.172881356
368,28/06/2011,2092.94,2099.94,2062.91,93.02,1683.5,-0.135231317
369,29/06/2011,2097.87,2098.95,2094.42,93.23,1685,-0.107142857
370,30/06/2011,2103.59,2105.47,2100.69,93.7,1716.25,-0.134228188
371,01/07/2011,2120.03,2131.67,2125.74,94.96,1719,-0.056105611
372,04/07/2011,2143.24,2153.29,2145.3,90.7,1716,-0.14516129
373,05/07/2011,2149.4,2163.37,2161.75,90.89,1715.5,-0.064
374,06/07/2011,2156.94,2171.19,2171.19,90.65,1706.5,-0.200803213
375,07/07/2011,2167.18,2184.94,2180.59,92.9,1711,-0.10483871
376,08/07/2011,2192.83,2192.83,2180.35,94.85,1726.75,-0.157258065
377,11/07/2011,2167.94,2171.29,2157.16,95.3,1737,0.008032129
378,12/07/2011,2131.07,2136.98,2109.73,94.81,1743,-0.097560976
379,13/07/2011,2117.12,2129.64,2129.64,96.92,1749,-0.068
380,14/07/2011,2119.06,2130.08,2130.07,96.67,1746.5,-0.056680162
381,15/07/2011,2123.57,2145.2,2145.2,98.7,1736,-0.040322581
382,18/07/2011,2149.97,2149.97,2130.48,96.2,1766.75,-0.060483871
383,19/07/2011,2127.13,2140.44,2130.21,95.16,1769,-0.337398374
384,20/07/2011,2158.88,2164.22,2154.95,97.41,1761.25,-0.189516129
385,21/07/2011,2153.94,2155.49,2145.04,98.04,1774,-0.127118644
386,22/07/2011,2162,2171.24,2171.23,95.75,1773.5,-0.084388186
387,25/07/2011,2154,2158.35,2150.48,97.24,1784,-0.10041841
388,26/07/2011,2163.08,2168.7,2168.7,95.94,1791.75,-0.045643154
389,27/07/2011,2152.66,2174.73,2174.31,97.49,1775.25,0.021097046
390,28/07/2011,2138.61,2160.44,2155.85,98.11,1775.5,0.033613445
391,29/07/2011,2159.27,2159.27,2133.21,98.96,1787,0.059322034
392,01/08/2011,2160.09,2173.28,2172.31,99.53,1776,0.016528926
393,02/08/2011,2152.85,2155.44,2121.27,98.97,1763,0.0375
394,03/08/2011,2079.19,2080.76,2066.26,99.61,1744.75,-0.067510549
395,04/08/2011,2067.17,2071.03,2018.47,97.4,1771.5,-0.008333333
396,05/08/2011,1937.17,1966.73,1943.75,97.48,1762.5,-0.115384615
397,08/08/2011,1916.57,1939.92,1869.45,95.68,1784.5,-0.072033898
398,09/08/2011,1807.88,1828.63,1801.35,94.98,1758.5,-0.012658228
399,10/08/2011,1877.4,1877.4,1806.24,93.78,1766.75,-0.096330275
400,11/08/2011,1733.92,1832.48,1817.44,91.87,1769.5,-0.083333333
401,12/08/2011,1844.13,1847.12,1793.31,86.75,1770,-0.055793991
402,16/08/2011,1850.53,1879.87,1879.87,86.89,1775.5,-0.125461255
403,17/08/2011,1868.85,1906.61,1892.67,81.27,1733.25,0.04887218
404,18/08/2011,1891.82,1894.94,1860.58,79.32,1737,-0.0625
405,19/08/2011,1789.78,1797.18,1744.88,83.05,1736.75,-0.083018868
406,22/08/2011,1756.59,1763.64,1710.7,85.48,1732,-0.105839416
407,23/08/2011,1735.23,1781.92,1776.68,85.19,1728,-0.063492063
408,24/08/2011,1788.39,1799.11,1754.78,87.88,1701,0.003649635
409,25/08/2011,1791.08,1803.77,1764.58,86.65,1690,-0.134920635
410,26/08/2011,1754.39,1782.9,1778.95,87.58,1697,-0.175824176
411,29/08/2011,1807.6,1836.66,1829.5,82.38,1648.5,-0.097087379
412,30/08/2011,1853.77,1863.51,1843.82,82.33,1660.5,-0.053191489
413,31/08/2011,1846.89,1880.11,1880.11,84.42,1660,-0.030651341
414,01/09/2011,1887.21,1928.4,1880.7,85.35,1668,-0.026415094
415,02/09/2011,1872.62,1890.86,1867.75,84.99,1667,-0.006944444
416,05/09/2011,1829.3,1829.75,1785.83,85.15,1667,-0.128301887
417,06/09/2011,1752.98,1790.47,1766.71,85.37,1665.25,-0.050359712
418,07/09/2011,1811.6,1833.54,1833.46,87.27,1642,-0.035587189
419,08/09/2011,1858.05,1858.05,1846.64,88.9,1639.5,-0.078571429
420,09/09/2011,1817.1,1847.05,1812.93,88.81,1615,-0.056603774
421,14/09/2011,1804.09,1807.47,1749.16,88.93,1614.75,0
422,15/09/2011,1797.18,1806.63,1774.08,86.45,1604.5,-0.003816794
423,16/09/2011,1819.45,1844.52,1840.1,85.99,1601.75,-0.105454545
424,19/09/2011,1818.9,1839.82,1820.94,89.34,1597.75,-0.088353414
425,20/09/2011,1819.84,1840.73,1837.97,89.05,1622.5,-0.02
426,21/09/2011,1842.17,1869.77,1854.28,87.24,1618.5,-0.034883721
427,22/09/2011,1807.24,1819.81,1800.55,88.19,1615,0.060344828
428,23/09/2011,1736.38,1743.49,1697.44,90.21,1613.25,-0.141025641
429,26/09/2011,1720.5,1721.03,1652.71,88.91,1611,-0.03968254
430,27/09/2011,1704.25,1735.71,1735.71,89.4,1610,-0.044843049
431,28/09/2011,1751.04,1762.67,1723.09,87.96,1602,-0.046511628
432,29/09/2011,1713.1,1769.75,1769.29,85.7,1597,-0.09623431
433,30/09/2011,1759.52,1774.29,1769.65,86.92,1599,-0.053497942
434,04/10/2011,1683.94,1706.45,1706.19,85.77,1622,-0.046153846
435,05/10/2011,1718.52,1718.52,1666.52,80.29,1617.75,-0.055555556
436,06/10/2011,1714.84,1733.7,1710.32,79.58,1618.25,-0.165517241
437,07/10/2011,1751.55,1765.43,1759.77,79.97,1618,0
438,11/10/2011,1810.36,1811.14,1795.02,84.18,1601,-0.003676471
439,12/10/2011,1789.65,1810.51,1809.5,80.94,1583.25,-0.043478261
440,13/10/2011,1831.95,1837.49,1823.1,81.87,1572.25,0.035714286
441,14/10/2011,1816.19,1839.19,1835.4,78.93,1576.25,-0.018796992
442,17/10/2011,1855.72,1865.18,1865.18,77.34,1584,-0.08984375
443,18/10/2011,1826.44,1845.18,1838.9,75.4,1575.25,-0.125
444,19/10/2011,1851.84,1855.93,1855.92,79.41,1585.25,-0.122137405
445,20/10/2011,1857.46,1870.5,1805.09,82.32,1589.75,-0.128113879
446,21/10/2011,1831.89,1843.51,1838.38,82.7,1595.5,-0.138686131
447,24/10/2011,1858.26,1898.32,1898.32,85.14,1556.25,-0.172690763
448,25/10/2011,1900.99,1905.78,1888.65,85.54,1577,-0.139622642
449,26/10/2011,1871.69,1896.02,1894.31,85.3,1595.25,-0.071146245
450,27/10/2011,1906.16,1923.98,1922.04,83.96,1585,-0.201413428
451,28/10/2011,1961.09,1963.74,1929.48,86.8,1587,-0.01
452,31/10/2011,1922.31,1941.32,1909.03,86.38,1604,-0.098540146
453,01/11/2011,1891.22,1925.08,1909.63,88.34,1617.5,0.045296167
454,02/11/2011,1870.51,1899.35,1898.01,86.11,1592,0.014184397
455,03/11/2011,1895.14,1895.14,1869.96,86.07,1598.5,-0.074626866
456,04/11/2011,1911.56,1929.01,1928.41,87.19,1558.5,-0.027027027
457,07/11/2011,1932.95,1932.95,1919.1,91.12,1573.5,-0.028673835
458,08/11/2011,1927.89,1928.07,1903.14,92.98,1576,-0.017804154
459,09/11/2011,1925.86,1929.65,1907.53,90.2,1570,-0.05015674
460,10/11/2011,1860.96,1862.27,1813.25,93.96,1565.5,-0.02359882
461,11/11/2011,1840.98,1863.46,1863.45,93.32,1582,0.003246753
462,14/11/2011,1889.33,1907.62,1902.81,93.19,1601,0.024489796
463,15/11/2011,1888.67,1900.58,1886.12,92.19,1625.5,-0.180327869
464,16/11/2011,1898.14,1911.33,1856.07,92.51,1615.5,-0.07073955
465,17/11/2011,1862.87,1876.88,1876.67,94.07,1627.25,-0.053380783
466,18/11/2011,1839.63,1850.04,1839.17,94.26,1613.5,-0.041401274
467,21/11/2011,1833.9,1833.9,1820.03,95.52,1619.5,-0.104026846
468,22/11/2011,1798.41,1830.84,1826.28,96.8,1603.5,-0.012461059
469,23/11/2011,1820.86,1820.86,1783.1,95.74,1584,-0.015625
470,24/11/2011,1775.82,1800.01,1795.06,97.78,1576.5,-0.103030303
471,25/11/2011,1780.06,1790.81,1776.4,98.99,1606,-0.05362776
472,28/11/2011,1804.8,1816.65,1815.28,98.14,1635,-0.010638298
473,29/11/2011,1828.3,1856.76,1856.52,99.37,1606,-0.009584665
474,30/11/2011,1847.17,1858.1,1847.51,102.59,1606,-0.015974441
475,01/12/2011,1911.5,1926.33,1916.18,98.82,1606,0.073170732
476,02/12/2011,1914.41,1920.64,1916.04,97.67,1558,0.043918919
477,05/12/2011,1928.46,1929.18,1922.9,96.73,1540,-0.072413793
478,06/12/2011,1914.49,1920.7,1902.82,97.76,1579.5,-0.05015674
479,07/12/2011,1914.5,1921.52,1919.42,96.16,1569.5,0.012461059
480,08/12/2011,1911.07,1925.56,1912.39,96.91,1568.5,0.052959502
481,09/12/2011,1883.86,1894.59,1874.75,98.21,1549,0.036101083
482,12/12/2011,1902.75,1903.19,1899.76,99.79,1582.5,-0.052264808
483,13/12/2011,1877.4,1880.4,1864.06,100.36,1592.5,-0.078369906
484,14/12/2011,1852.2,1864.79,1857.75,100.2,1589.5,0.021943574
485,15/12/2011,1834.82,1840.94,1819.11,100.97,1554,0.003236246
486,16/12/2011,1827.83,1842.94,1839.96,100.94,1548.5,0.006968641
487,19/12/2011,1829.49,1829.49,1776.93,101.25,1556.5,0.016891892
488,20/12/2011,1791.62,1797.59,1793.06,100.45,1558.5,-0.031347962
489,21/12/2011,1837.99,1850.67,1848.41,98.35,1583,-0.009063444
490,22/12/2011,1841.23,1847.49,1847.49,99.4,1598.5,0.020477816
491,23/12/2011,1861.07,1872.31,1867.22,97.77,1582.5,0.052631579
492,26/12/2011,1873.07,1873.79,1856.7,100.24,1602.5,-0.037162162
493,27/12/2011,1856.78,1864.71,1842.02,94.92,1643.75,0.060402685
494,28/12/2011,1833.26,1833.26,1825.12,93.84,1643.75,0.003021148
495,29/12/2011,1815.63,1835.19,1825.74,93.55,1637.75,0.00660066
496,02/01/2012,1831.69,1837.81,1826.37,93.86,1648,-0.086956522
497,03/01/2012,1846.56,1875.41,1875.41,97.16,1664,-0.011152416
498,04/01/2012,1883.48,1884.69,1866.22,98.54,1651.25,-0.154929577
499,05/01/2012,1869.42,1875.97,1863.74,99.42,1663.5,-0.056818182
500,06/01/2012,1867.12,1867.12,1843.14,99.72,1653.5,-0.035532995
501,09/01/2012,1832.04,1832.04,1826.49,101.29,1637.75,-0.175572519
502,10/01/2012,1841.13,1859.55,1853.22,99.44,1649.5,0.005405405
503,11/01/2012,1857.54,1857.82,1845.55,99.68,1629,-0.136094675
504,12/01/2012,1853.1,1864.57,1864.57,98.83,1641.5,-0.044585987
505,13/01/2012,1865.72,1881.84,1875.68,102.96,1650,-0.131147541
506,16/01/2012,1860.77,1863.32,1859.27,103.22,1644,-0.083333333
507,17/01/2012,1878.16,1892.76,1892.74,101.81,1635.5,-0.082901554
508,18/01/2012,1891.17,1898.7,1892.39,101.56,1653,-0.128205128
509,19/01/2012,1912.43,1914.98,1914.97,101.31,1666.5,0.066666667
510,20/01/2012,1922.13,1952.09,1949.89,102.24,1668.5,-0.074204947
511,25/01/2012,1947.74,1973.35,1952.23,100.89,1658,0.019933555
512,26/01/2012,1959.19,1962.71,1957.18,99.03,1644,-0.067615658
513,27/01/2012,1960.7,1966.2,1964.83,98.69,1631,0.018726592
514,30/01/2012,1956.63,1961.6,1940.55,100.7,1631,-0.093632959
515,31/01/2012,1943.25,1960.44,1955.79,100.61,1621,-0.052264808
516,01/02/2012,1948.57,1969.8,1959.24,100.32,1676.25,-0.168498168
517,02/02/2012,1982.23,1993.88,1984.3,98.15,1677.5,0.088571429
518,03/02/2012,1982.24,1982.62,1972.34,99.47,1662.5,-0.112318841
519,06/02/2012,1994.21,1996.05,1973.13,98.84,1657.5,-0.007462687
520,07/02/2012,1976.77,1983.82,1981.59,99.23,1676,-0.029090909
521,08/02/2012,1985.21,2003.73,2003.73,99.76,1692,0.112107623
522,09/02/2012,1998.2,2014.62,2014.62,99.47,1680.25,-0.042402827
523,10/02/2012,2010.04,2011.52,1993.71,98.75,1664,-0.06959707
524,13/02/2012,2000.66,2010.66,2005.74,98.46,1635.5,-0.027972028
525,14/02/2012,1999.53,2008.65,2002.64,97.63,1649.25,-0.047297297
526,15/02/2012,2012,2026.75,2025.32,96.36,1656.75,-0.099667774
527,16/02/2012,2005.37,2012.44,1997.45,97.8,1661.5,-0.089108911
528,17/02/2012,2025.56,2031.4,2023.47,96.89,1658,0.012096774
529,20/02/2012,2041.51,2047.43,2024.9,98.55,1648,0.007042254
530,21/02/2012,2022.05,2030.46,2024.24,98.8,1644.25,0.055555556
531,22/02/2012,2018.07,2028.93,2028.65,99.88,1690,0.047794118
532,23/02/2012,2016.46,2016.46,2007.8,98.68,1697.5,0.010989011
533,24/02/2012,2010.6,2019.9,2019.89,100.39,1687.5,-0.067460317
534,27/02/2012,2013.61,2013.69,1991.16,100.82,1690,0.003267974
535,28/02/2012,1995.93,2006.26,2003.69,101.82,1677.5,0.03960396
536,29/02/2012,2015.38,2033.63,2030.25,102.33,1669,0.007692308
537,02/03/2012,2041.52,2046.82,2034.63,103.27,1705,-0.12267658
538,05/03/2012,2028.97,2030.57,2016.06,105.88,1707,0.050505051
539,06/03/2012,2019.28,2023.83,2000.36,105.99,1714,-0.021472393
540,07/03/2012,1968.72,1987.97,1982.15,107.44,1770,0.024767802
541,08/03/2012,1989.3,2004.72,2000.76,109.39,1781,0.134328358
542,09/03/2012,2017.67,2022.95,2018.3,108.49,1772,0.050167224
543,12/03/2012,2018.73,2019.14,2002.5,106.59,1777.5,-0.009118541
544,13/03/2012,2012.91,2028.98,2025.04,107.08,1777,-0.006514658
545,14/03/2012,2050.5,2057.28,2045.08,108.76,1752,0.037383178
546,15/03/2012,2044.01,2050.48,2043.76,106.68,1748,-0.011494253
547,16/03/2012,2054.63,2054.99,2034.44,106.7,1723,-0.012861736
548,19/03/2012,2040.07,2050.87,2047,104.71,1713,-0.054380665
549,20/03/2012,2046.38,2055.34,2042.15,106.16,1733,-0.030487805
550,21/03/2012,2031.58,2039.8,2027.23,106.65,1722,0.115942029
551,22/03/2012,2026.75,2031.42,2026.12,107.4,1720,0.012048193
552,23/03/2012,2015.07,2029.77,2026.83,106.34,1711.5,-0.012820513
553,26/03/2012,2035.17,2041.05,2019.19,106.7,1748,-0.03003003
554,27/03/2012,2042.47,2043.75,2039.76,105.49,1746,-0.040431267
555,28/03/2012,2034.35,2038.45,2031.74,105.19,1724,-0.069908815
556,29/03/2012,2019.41,2025.23,2014.41,107.03,1719,-0.00286533
557,30/03/2012,2011.5,2018.09,2014.04,108.09,1734,0.051118211
558,02/04/2012,2022.42,2031.79,2029.29,105.68,1751,-0.022875817
559,03/04/2012,2040.81,2051.8,2049.28,106.87,1740,-0.062893082
560,04/04/2012,2046.9,2048.11,2018.61,104.98,1744,0.084639498
561,05/04/2012,2006.27,2030.69,2028.77,106.43,1729,0.043859649
562,06/04/2012,2026.32,2033.49,2029.03,107.07,1726,0.017064846
563,09/04/2012,2008.03,2009.36,1997.08,107.32,1727,0.02020202
564,10/04/2012,2000.77,2011.27,1994.41,105.4,1650,-0.045016077
565,12/04/2012,1985.16,1986.63,1986.63,102.79,1665.5,-0.034782609
566,13/04/2012,2001.71,2011.37,2008.91,103.03,1675.5,-0.101694915
567,16/04/2012,1985.28,1998.35,1992.63,105.25,1653,0.009493671
568,17/04/2012,1995.33,1999.5,1985.3,104.02,1655,0.075987842
569,18/04/2012,2014.23,2014.95,2004.53,101.53,1647,0.009174312
570,19/04/2012,2000.4,2008.82,1999.86,103.29,1656,0.01552795
571,20/04/2012,1988.22,1988.22,1974.65,102.45,1635.5,-0.019138756
572,23/04/2012,1971.39,1980.94,1972.63,101.12,1661,-0.053872054
573,24/04/2012,1956.75,1972.24,1963.42,102.66,1634.5,0.00619195
574,25/04/2012,1980.51,1980.51,1961.98,103.69,1637,-0.027108434
575,26/04/2012,1976.82,1979.43,1964.04,102.84,1615,0.009433962
576,27/04/2012,1972.05,1983.26,1975.35,102.92,1616.5,0
577,30/04/2012,1989.52,1991.12,1981.99,104.23,1599,0.026627219
578,02/05/2012,1994.17,2001.11,1999.07,102.65,1613,0.018404908
579,03/05/2012,1995.78,1998.9,1995.11,102.38,1598,-0.014534884
580,04/05/2012,1987.03,1992.1,1989.15,103.58,1531,0.00304878
581,07/05/2012,1956.06,1960.51,1956.44,102.68,1531,-0.041269841
582,08/05/2012,1967.28,1969.64,1967.01,103.1,1571,-0.067073171
583,09/05/2012,1958.31,1962.04,1950.29,103.72,1606.5,0.041322314
584,10/05/2012,1944.8,1951.51,1944.93,104.56,1606.5,-0.057692308
585,11/05/2012,1939,1939,1917.13,104.86,1606.5,0.075075075
586,14/05/2012,1917.26,1921.65,1913.73,104.89,1608,-0.024390244
587,15/05/2012,1897.74,1904.99,1898.96,106.17,1613.5,0.041543027
588,16/05/2012,1886.69,1889.29,1840.53,105.25,1598,0.060790274
589,17/05/2012,1842.83,1856.34,1845.24,102.56,1594,-0.021875
590,18/05/2012,1813.79,1813.79,1782.46,98.49,1574,0
591,21/05/2012,1801.48,1804.48,1799.13,97.86,1603,-0.09
592,22/05/2012,1825.82,1831.06,1828.69,97.13,1672.5,-0.005494505
593,23/05/2012,1815.33,1815.33,1808.62,96.8,1659.5,-0.088435374
594,24/05/2012,1807.07,1816.98,1814.47,97.1,1709,-0.03988604
595,25/05/2012,1818.62,1831.78,1824.17,96.03,1715,-0.06547619
596,29/05/2012,1821.63,1851.94,1849.91,94.75,1735.5,0.069536424
597,30/05/2012,1846.12,1846.6,1844.86,93.97,1708,-0.088050314
598,31/05/2012,1819.99,1843.49,1843.47,92.78,1744,-0.069069069
599,01/06/2012,1832.08,1842,1834.51,92.53,1747,0.048543689
600,04/06/2012,1782.58,1794.02,1783.13,91.51,1752,0.00974026
601,05/06/2012,1799.88,1806.11,1801.85,92.57,1746,0
602,07/06/2012,1839.49,1853.2,1847.95,91.44,1717,0.042168675
603,08/06/2012,1854,1854.59,1835.64,89.4,1714,-0.082568807
604,11/06/2012,1860.9,1869.33,1867.04,90.36,1688.5,-0.074850299
605,12/06/2012,1840.56,1857.93,1854.74,90.64,1681,0.03343465
606,13/06/2012,1867.45,1867.45,1859.32,90.75,1699,-0.019011407
607,14/06/2012,1856.57,1871.48,1871.48,87.79,1702,-0.045045045
608,15/06/2012,1871.48,1871.48,1858.16,86.52,1719,-0.060702875
609,18/06/2012,1892.91,1901.11,1891.71,83.17,1742.5,0.016194332
610,19/06/2012,1885.56,1895.32,1891.77,83.95,1756,-0.016393443
611,20/06/2012,1908.19,1908.19,1904.12,84.31,1785,-0.052845528
612,21/06/2012,1895.51,1900.44,1889.15,85.05,1776,-0.02016129
613,22/06/2012,1861.44,1863.57,1847.39,84.78,1773,0.072580645
614,25/06/2012,1842.76,1842.76,1825.38,84.08,1756,-0.102040816
615,26/06/2012,1818.51,1826.66,1817.81,82.58,1784,0.102459016
616,27/06/2012,1815.7,1821.47,1817.65,83.35,1795,-0.036585366
617,28/06/2012,1826.37,1827.35,1819.18,82.56,1782,0.048582996
618,29/06/2012,1808.61,1854.01,1854.01,83.83,1749,0.142857143
619,02/07/2012,1864.73,1865.93,1851.65,84.03,1758,-0.052631579
620,03/07/2012,1858.7,1871.08,1867.82,83.26,1743,-0.020242915
621,04/07/2012,1875.52,1881.68,1874.45,83.99,1699,0.032653061
622,05/07/2012,1870.53,1878.13,1875.49,81.06,1722,-0.06122449
623,06/07/2012,1877.74,1880.36,1858.2,77.91,1741,-0.08097166
624,09/07/2012,1840.3,1844.32,1836.13,79.33,1718,-0.004032258
625,10/07/2012,1843.77,1845.94,1829.45,78.76,1715,-0.073770492
626,11/07/2012,1825.53,1827.6,1826.39,79.34,1656,-0.020325203
627,12/07/2012,1827.82,1830.77,1785.39,80.27,1652,0.012295082
628,13/07/2012,1790.98,1820.66,1812.89,77.72,1642.5,-0.045081967
629,16/07/2012,1820.34,1821.84,1817.79,85.04,1620,-0.032520325
630,17/07/2012,1808.63,1835.64,1821.96,83.72,1652.5,-0.189516129
631,18/07/2012,1821.28,1827.95,1794.91,87.74,1631,-0.044715447
632,19/07/2012,1820.84,1830.09,1822.96,87.11,1682,-0.157258065
633,20/07/2012,1823.95,1830.26,1822.93,84.37,1678,-0.064777328
634,23/07/2012,1799.24,1799.24,1789.44,85.93,1656,-0.101214575
635,24/07/2012,1784.47,1796.02,1793.93,83.92,1682,0.048387097
636,25/07/2012,1760.22,1785.84,1769.31,85.88,1663,-0.044176707
637,26/07/2012,1778.01,1787.2,1782.47,86.02,1661,0.040160643
638,27/07/2012,1812.98,1829.16,1829.16,87.15,1652,-0.130081301
639,30/07/2012,1847.01,1850.27,1843.79,88.41,1635,-0.089430894
640,31/07/2012,1845.46,1896.83,1881.99,89.07,1617,-0.053061224
641,01/08/2012,1870.58,1886.32,1879.93,89.88,1638,0.044534413
642,02/08/2012,1883.68,1885.89,1869.4,92.78,1655.5,0.020242915
643,03/08/2012,1846.58,1864.13,1848.68,91.56,1620,-0.125506073
644,06/08/2012,1883.62,1894.92,1885.88,87.77,1613,-0.076305221
645,07/08/2012,1883.82,1891.6,1886.8,88.28,1643,0.016460905
646,08/08/2012,1896.58,1919.61,1903.23,88.8,1659,-0.018666667
647,09/08/2012,1907.13,1947.08,1940.59,89.4,1598,-0.041009464
648,10/08/2012,1937.89,1948.05,1946.4,90.13,1689,0.038461538
649,13/08/2012,1945.33,1946.2,1932.44,89.8,1722,-0.073033708
650,14/08/2012,1942.61,1957.15,1956.96,88.08,1793,-0.025139665
651,16/08/2012,1956.35,1959.92,1957.91,88.99,1799,0.045092838
652,17/08/2012,1964.07,1964.07,1946.54,87.22,1794,-0.026809651
653,20/08/2012,1944.67,1949.89,1946.31,91.4,1794,-0.011049724
654,21/08/2012,1954.51,1961.07,1943.22,92.3,1782,-0.006451613
655,22/08/2012,1939.6,1947.43,1935.19,93.68,1818.5,-0.035326087
656,23/08/2012,1934.56,1942.97,1942.54,93.39,1820,0.036414566
657,24/08/2012,1921.08,1927.1,1919.81,93.39,1834,0.037533512
658,27/08/2012,1909.02,1925.15,1917.87,92.94,1851,0.119883041
659,28/08/2012,1922.02,1925.7,1916.33,92.76,1855,-0.023738872
660,29/08/2012,1920.49,1931,1928.54,93.4,1810,-0.131926121
661,30/08/2012,1922.82,1922.82,1906.38,94.35,1895,-0.018072289
662,31/08/2012,1897.16,1912.24,1905.12,95.66,1875.25,-0.011428571
663,03/09/2012,1909.06,1921.84,1912.71,96,1821,-0.086956522
664,04/09/2012,1911.47,1916.16,1907.13,96.03,1813.5,-0.098461538
665,05/09/2012,1894.7,1894.7,1874.03,96.55,1825,0.011331445
666,06/09/2012,1881.54,1888.18,1881.24,96.89,1788,-0.123209169
667,07/09/2012,1918.36,1929.58,1929.58,95.87,1788,-0.036516854
668,10/09/2012,1934.63,1937.85,1924.7,95.78,1729,-0.098958333
669,11/09/2012,1920.46,1923.09,1920,95.54,1770,0.002832861
670,12/09/2012,1931.44,1953.03,1950.03,96.3,1876,-0.076271186
671,13/09/2012,1948.27,1955.03,1950.69,95.5,1877.5,-0.030726257
672,14/09/2012,1994.42,2008.97,2007.58,94.61,1848,0.03257329
673,17/09/2012,2005.54,2011.5,2002.35,96.47,1824,0.054945055
674,18/09/2012,1998.3,2005.73,2004.96,95.34,1790,-0.062305296
675,19/09/2012,2000.2,2012.74,2007.88,95.37,1782.5,-0.058823529
676,20/09/2012,1997.65,2004.54,1990.33,95.58,1739,-0.006514658
677,21/09/2012,2000.05,2005.11,2002.37,96.41,1736,-0.015822785
678,24/09/2012,1996.42,2005.45,2003.44,96.52,1760,0.006734007
679,25/09/2012,1994.08,2004.26,1991.41,97.03,1772,0.044025157
680,26/09/2012,1973.11,1986.28,1980.44,97.02,1736,0.033057851
681,27/09/2012,1969.65,1991.26,1988.7,98.3,1693,0.052805281
682,28/09/2012,2000.01,2000.01,1996.21,98.94,1658.75,-0.043137255
683,02/10/2012,1998.52,2003.63,1996.03,96.51,1679.5,0.06626506
684,04/10/2012,1998.73,1998.99,1992.68,95.25,1669.25,-0.023529412
685,05/10/2012,2004.62,2007.84,1995.17,91.97,1637.75,-0.033426184
686,08/10/2012,1994.05,1994.05,1981.89,92.14,1623,0.07183908
687,09/10/2012,1982.09,1992.32,1979.04,92.64,1628.5,0.00887574
688,10/10/2012,1961.9,1962.72,1948.22,91.68,1613.5,-0.080985915
689,11/10/2012,1934.49,1949.74,1933.09,91.07,1625,-0.047138047
690,12/10/2012,1937.85,1940.32,1933.26,89.92,1612.75,0
691,15/10/2012,1927.82,1937.15,1925.59,91.89,1613.5,0.049833887
692,16/10/2012,1942.51,1944.22,1941.54,92.18,1602,-0.022435897
693,17/10/2012,1955.78,1965.53,1955.15,92.44,1601,-0.025641026
694,18/10/2012,1960.39,1963.53,1959.12,91.88,1586,-0.082352941
695,19/10/2012,1954.33,1958.64,1943.84,88.19,1601,-0.035714286
696,22/10/2012,1910.98,1942.64,1941.59,91.69,1599,0.053672316
697,23/10/2012,1943.79,1944.38,1926.81,89.87,1587,0.052469136
698,24/10/2012,1907.16,1922.02,1913.96,89.43,1590.5,-0.034375
699,25/10/2012,1906.91,1924.51,1924.5,92.42,1579,0.020057307
700,26/10/2012,1917.64,1921.25,1891.43,91.24,1550.5,0.022535211
701,29/10/2012,1901.83,1905.22,1891.52,92.19,1555.5,0.042895442
702,30/10/2012,1894.05,1913.52,1899.58,91.83,1541.5,-0.135294118
703,31/10/2012,1912.83,1918.4,1912.06,91.84,1527.5,0.027777778
704,01/11/2012,1903.57,1904.99,1898.44,92.07,1527.25,-0.04178273
705,02/11/2012,1920.55,1921.98,1918.72,92.04,1510,-0.050131926
706,05/11/2012,1905.46,1914.38,1908.22,92,1483,0.088
707,06/11/2012,1911.83,1928.17,1928.17,90,1505.5,-0.036827195
708,07/11/2012,1933.79,1937.55,1937.55,88.3,1504.25,0.070621469
709,08/11/2012,1912.64,1918.69,1914.41,86.65,1499,0.050397878
710,09/11/2012,1893.09,1907.57,1904.41,85.39,1498,-0.011142061
711,12/11/2012,1899.3,1903.81,1900.87,85.59,1514.75,-0.101983003
712,13/11/2012,1904.19,1904.97,1889.7,85.84,1523,-0.034285714
713,14/11/2012,1891.45,1895.48,1894.04,86.23,1552.5,-0.028340081
714,15/11/2012,1870.29,1875.49,1870.72,87.05,1544.75,0.034188034
715,16/11/2012,1865.81,1872.69,1860.83,84.9,1544,0.03601108
716,19/11/2012,1869.76,1884.11,1878.1,85.64,1537.5,-0.005813953
717,20/11/2012,1896.58,1897.56,1890.18,88.62,1523.25,0.003215434
718,21/11/2012,1895.72,1899.6,1884.04,84.5,1529.75,0.055072464
719,22/11/2012,1894.66,1903.27,1899.5,85.07,1516,0
720,23/11/2012,1901.73,1911.33,1911.33,86.08,1526.25,-0.029411765
721,26/11/2012,1918.01,1918.11,1908.51,85.56,1529.25,0.117486339
722,27/11/2012,1917.14,1930.24,1925.2,85.38,1537.75,-0.039548023
723,28/11/2012,1916.31,1916.76,1912.78,86.32,1537.75,0.013586957
724,29/11/2012,1922.86,1935.1,1934.85,85.45,1545,0.149584488
725,30/11/2012,1932.71,1941.84,1932.9,86.62,1549,0.053691275
726,03/12/2012,1937.28,1944.75,1940.02,89.05,1540,-0.045454545
727,04/12/2012,1932.66,1938.28,1935.18,86.46,1539.5,0.011869436
728,05/12/2012,1933.45,1949.7,1947.04,87.08,1533.75,-0.010723861
729,06/12/2012,1948.55,1955.07,1949.62,87.01,1536.5,0.012461059
730,07/12/2012,1953.17,1963.06,1957.45,87.28,1533,0.056179775
731,10/12/2012,1965.71,1970.19,1957.42,86.81,1518.5,0.068767908
732,11/12/2012,1962.52,1965.68,1964.62,86.1,1526.25,-0.003076923
733,12/12/2012,1972.33,1975.44,1975.44,87.64,1527,0.02173913
734,13/12/2012,1976.18,2002.78,2002.77,88.54,1510.5,-0.032352941
735,14/12/2012,1989.42,1999.65,1995.04,88.69,1490.75,0.021472393
736,17/12/2012,1993.18,1999.38,1983.07,88.04,1493,-0.029585799
737,18/12/2012,1990.72,1993.09,1993.09,87.36,1496.5,0
738,20/12/2012,2002.11,2006.08,1999.5,85.47,1478.5,0.008955224
739,21/12/2012,2004.61,2004.67,1980.42,85.45,1500.75,-0.027272727
740,24/12/2012,1984.18,1985.57,1981.82,85.14,1505.75,-0.045977011
741,26/12/2012,1992.1,2000.92,1982.25,85.36,1489.5,0.071216617
742,27/12/2012,1979.46,1987.91,1987.35,86.35,1508,-0.054140127
743,28/12/2012,1984.84,2002.67,1997.05,85.39,1513.5,0.005649718
744,02/01/2013,2013.74,2033.66,2031.1,86.32,1502,-0.031609195
745,03/01/2013,2041.24,2042.48,2019.41,86.71,1486.5,-0.170886076
746,04/01/2013,2017.88,2018.63,2011.94,87.46,1511,-0.057401813
747,07/01/2013,2012.15,2014,2011.25,89.09,1541,-0.105882353
748,08/01/2013,2003.22,2009.99,1997.94,89.76,1540.25,0.030769231
749,09/01/2013,2001.98,2007.72,1991.81,88.2,1535.5,-0.079365079
750,10/01/2013,1993.87,2008.47,2006.8,88.29,1535.5,-0.017045455
751,11/01/2013,2017.38,2017.92,1996.67,90.71,1535.5,-0.301075269
752,14/01/2013,1993.82,2007.04,2007.04,90.91,1511,-0.202247191
753,15/01/2013,2006.89,2016.37,1983.74,90.66,1497.5,-0.056338028
754,16/01/2013,1988.44,1996.46,1977.45,91.83,1504,-0.065989848
755,17/01/2013,1983.67,1986.34,1974.27,93.14,1504,-0.098039216
756,18/01/2013,1987.65,1988.47,1987.85,92.97,1501,-0.064935065
757,21/01/2013,1987.96,1991.98,1986.86,93.12,1490.5,-0.054455446
758,22/01/2013,1986.58,1999.35,1996.52,93.2,1493,-0.090196078
759,23/01/2013,2003.37,2008.06,1980.41,93.21,1476.75,-0.116541353
760,24/01/2013,1970.85,1980.03,1964.48,93.08,1465.75,-0.15503876
761,25/01/2013,1966.4,1966.83,1946.69,93.81,1457.5,-0.127340824
762,28/01/2013,1940.33,1943.49,1939.71,93.6,1450.5,-0.104166667
763,29/01/2013,1946.11,1958.88,1955.96,94.27,1468,-0.163568773
764,30/01/2013,1961.92,1967.29,1964.43,93.26,1469.5,-0.081433225
765,31/01/2013,1960.78,1965.92,1961.94,94.28,1459.5,-0.077399381
766,01/02/2013,1964.75,1966.54,1957.79,95.49,1461.5,-0.087323944
767,04/02/2013,1968.95,1969.13,1953.21,95.61,1433.5,-0.01552795
768,05/02/2013,1936.92,1944,1938.18,96.09,1435.5,-0.086687307
769,06/02/2013,1943.33,1944.44,1936.19,95.06,1418,-0.099706745
770,07/02/2013,1939.42,1946.67,1931.77,95.35,1439,-0.083591331
771,08/02/2013,1930,1955.86,1950.9,95.15,1425.5,-0.05775076
772,12/02/2013,1958.46,1958.65,1945.79,95.95,1417.5,0.00390625
773,13/02/2013,1952.86,1976.07,1976.07,97.62,1417,0.036144578
774,14/02/2013,1977.42,1986.14,1979.61,97.98,1436,0.048710602
775,15/02/2013,1981.06,1982.76,1981.18,97.65,1447,-0.041176471
776,18/02/2013,1979.42,1985.41,1981.91,97.46,1439.5,-0.054054054
777,19/02/2013,1981.96,1990.09,1985.83,96.21,1426,0.00591716
778,20/02/2013,1997.04,2024.64,2024.64,96.68,1432,0.011111111
779,21/02/2013,2014.5,2021.24,2015.22,96.44,1420,-0.016853933
780,22/02/2013,2007.34,2029.44,2018.89,95.84,1403.75,-0.081005587
781,25/02/2013,2022.51,2022.77,2009.52,95.71,1402,0.063037249
782,26/02/2013,1993.12,2005.86,2000.01,97.01,1400.5,0.019354839
783,27/02/2013,2008.94,2014.96,2004.04,97.48,1422.25,-0.043209877
784,28/02/2013,2019.05,2030.85,2026.49,97.03,1411.5,-0.013888889
785,04/03/2013,2028.55,2029.32,2013.15,97.3,1413.25,0.071641791
786,05/03/2013,2022.41,2031.65,2016.61,95.95,1431,-0.032154341
787,06/03/2013,2033.17,2033.89,2020.74,96.69,1426.25,-0.011396011
788,07/03/2013,2018.63,2018.63,2004.4,94.92,1437.5,-0.056022409
789,08/03/2013,2001.97,2007.37,2006.01,92.79,1427,-0.020895522
790,11/03/2013,2000.57,2006.3,2003.35,93.12,1421.5,-0.020477816
791,12/03/2013,2006.84,2007.44,1993.34,92.74,1435.5,0.008356546
792,13/03/2013,1994.79,1999.73,1999.73,92.63,1420.75,-0.025
793,14/03/2013,2000.07,2002.13,2002.13,92.84,1411,-0.034883721
794,15/03/2013,2009.71,2009.71,1986.5,92.03,1402.5,-0.045454545
795,18/03/2013,1974.71,1982.92,1968.18,90.71,1411.5,-0.068870523
796,19/03/2013,1978.41,1989.46,1978.56,90.13,1409.25,0.126984127
797,20/03/2013,1969.19,1978.17,1959.41,90.88,1401,-0.028653295
798,21/03/2013,1969.3,1973.26,1950.82,90.47,1383.5,0.016393443
799,22/03/2013,1949.03,1956.33,1948.71,91.53,1379,0.010989011
800,25/03/2013,1968.85,1981.75,1977.67,92.01,1371.25,0.044510386
801,26/03/2013,1976.81,1990.23,1983.7,92.07,1372.75,-0.003236246
802,27/03/2013,1991.91,1996.56,1993.44,92.44,1365,-0.028818444
803,28/03/2013,1989.7,1995.31,1993.52,92.47,1364,-0.101648352
804,29/03/2013,2007.12,2013.21,2004.89,93.03,1353.25,0.056547619
805,01/04/2013,2009.94,2010.15,1995.99,93.49,1365,0.07712766
806,02/04/2013,1996.81,2001.78,1986.15,93.71,1363.5,-0.012345679
807,03/04/2013,1990.71,1992.4,1983.22,92.44,1347.5,-0.013623978
808,04/04/2013,1963.39,1965.19,1959.45,93.21,1355,-0.03988604
809,05/04/2013,1948.33,1952.1,1927.23,92.46,1328,0.008152174
810,08/04/2013,1927.04,1933.95,1918.69,93.41,1337,0.069252078
811,09/04/2013,1918.13,1934.74,1920.74,94.55,1331.5,-0.012738854
812,10/04/2013,1933.73,1939.19,1935.58,95.99,1327,0.015243902
813,11/04/2013,1944.53,1949.8,1949.8,96.53,1319,0.095709571
814,12/04/2013,1954.22,1956.21,1924.23,97.24,1334.5,-0.037135279
815,15/04/2013,1916.06,1927.72,1920.45,97.1,1328,0.004587156
816,16/04/2013,1900.18,1926.65,1922.21,97.23,1324,0.009404389
817,17/04/2013,1934.61,1934.82,1923.84,95.02,1343,0.072886297
818,18/04/2013,1916.55,1919.53,1900.06,93.26,1343.5,-0.044117647
819,19/04/2013,1899.35,1910.24,1906.75,92.76,1345.5,0.081743869
820,22/04/2013,1903.97,1926.31,1926.31,93.36,1372,0.065527066
821,23/04/2013,1924.43,1924.79,1918.63,94.18,1369.5,0.02507837
822,24/04/2013,1931.06,1939.35,1935.31,94.59,1367,0.026162791
823,25/04/2013,1937.88,1951.66,1951.6,93.44,1381.5,0.002702703
824,26/04/2013,1949.92,1951.86,1944.56,91.23,1378.75,-0.020833333
825,29/04/2013,1948.87,1948.97,1940.7,88.75,1374,0.082857143
826,30/04/2013,1947.07,1967.06,1963.95,88.73,1368.25,0.050131926
827,02/05/2013,1961.67,1966.68,1957.21,86.65,1367,0.023188406
828,03/05/2013,1967.88,1968.04,1965.71,87.83,1368.5,-0.032544379
829,06/05/2013,1977.44,1983.64,1961.48,88.04,1368,0.026315789
830,07/05/2013,1962.28,1962.87,1954.35,88.81,1388.5,0.049418605
831,08/05/2013,1961.73,1964.08,1956.45,89.21,1405.5,0.029411765
832,09/05/2013,1963.61,1982.32,1979.45,91.07,1405.5,-0.06557377
833,10/05/2013,1975.48,1975.48,1944.75,93.27,1405.5,0.066666667
834,13/05/2013,1936.86,1948.7,1948.7,92.63,1412.5,-0.042296073
835,14/05/2013,1954.39,1972.5,1968.83,94.09,1373.5,-0.102857143
836,15/05/2013,1971.96,1972.44,1971.26,93.22,1373.5,0.028818444
837,16/05/2013,1980.03,1991.98,1986.81,90.74,1373.5,0.005847953
838,20/05/2013,1990.36,1991.27,1982.43,93.7,1387,-0.101648352
839,21/05/2013,1994.02,1995.1,1981.09,95.25,1383,0.003184713
840,22/05/2013,1991.76,1998.7,1993.83,95.8,1380,-0.025
841,23/05/2013,1985.91,1991.35,1969.19,95.28,1368.5,-0.104557641
842,24/05/2013,1979.35,1979.93,1973.45,96.24,1363,-0.079754601
843,27/05/2013,1974.59,1984.13,1979.97,96.09,1388.75,0.046920821
844,28/05/2013,1983.58,1991.2,1986.22,95.81,1394.5,0.103896104
845,29/05/2013,1993.69,2009.43,2001.2,94.76,1399,-0.024169184
846,30/05/2013,1999.83,2008.23,2000.1,93.96,1375.25,0.031578947
847,31/05/2013,2009.25,2013.29,2001.05,93.95,1391.25,-0.1125
848,03/06/2013,1993.11,2000.56,1989.57,94.85,1385.5,-0.170588235
849,04/06/2013,1998.38,1999.73,1989.51,95.72,1420,-0.035714286
850,05/06/2013,1988.94,1989.29,1959.19,96.29,1415.25,0.069705094
851,07/06/2013,1953.83,1954.82,1923.85,95.55,1403.5,-0.020057307
852,10/06/2013,1927.19,1934.92,1932.7,93.98,1389,0.073446328
853,11/06/2013,1933.1,1933.34,1920.68,94.12,1385.5,0.056547619
854,12/06/2013,1913.6,1921.54,1909.91,93.84,1383.5,0
855,13/06/2013,1905.1,1911.04,1882.73,94.65,1357,0.017595308
856,14/06/2013,1895.77,1896.6,1889.24,93.13,1355,-0.086720867
857,17/06/2013,1889.45,1897.7,1883.1,93.57,1372.5,0.008450704
858,18/06/2013,1887.72,1900.63,1900.62,91.93,1377.5,-0.020172911
859,19/06/2013,1899.5,1899.5,1888.31,93.41,1356.5,0.029411765
860,20/06/2013,1864.37,1873.18,1850.49,93.36,1342.5,-0.026086957
861,21/06/2013,1806.4,1823.99,1822.83,93.66,1350.25,-0.060344828
862,24/06/2013,1821.22,1821.22,1799.01,94.71,1337.5,0.002762431
863,25/06/2013,1790.33,1807.62,1780.63,96.11,1349,0.14375
864,26/06/2013,1799.74,1799.74,1783.45,95.82,1368.5,0.187943262
865,27/06/2013,1809.55,1839.52,1834.7,95.5,1388.5,0.072674419
866,28/06/2013,1844.6,1864.09,1863.32,95.98,1398.5,-0.018575851
867,01/07/2013,1851.57,1866.63,1855.73,96.66,1390.5,0.003003003
868,02/07/2013,1861.26,1867.18,1855.02,97.83,1421,0.022988506
869,03/07/2013,1854.29,1860.46,1824.66,97.86,1388.5,0.052447552
870,04/07/2013,1830.49,1840.38,1839.14,98.46,1395.5,0.039274924
871,05/07/2013,1848.97,1857.39,1833.31,98.24,1381,0.038338658
872,08/07/2013,1830.81,1840.57,1816.85,94.89,1345.5,0.014619883
873,09/07/2013,1828.63,1831.35,1830.35,93.81,1351,0.005970149
874,10/07/2013,1835.94,1836.91,1824.16,95.07,1354.5,0.072507553
875,11/07/2013,1840.34,1877.6,1877.6,95.25,1346.75,-0.002762431
876,12/07/2013,1873.66,1873.66,1869.98,95.47,1333.5,0.171014493
877,15/07/2013,1870.26,1877.46,1875.16,97,1324.5,0.177842566
878,16/07/2013,1875.53,1875.68,1866.36,96.36,1329.5,0.09009009
879,17/07/2013,1871.29,1894.7,1887.49,97.94,1337.5,0.124242424
880,18/07/2013,1883.07,1885.01,1875.48,99.65,1322.5,-0.026162791
881,19/07/2013,1880.44,1881.4,1871.41,101.92,1343.5,-0.151125402
882,22/07/2013,1880.81,1894.41,1880.35,103.09,1339,0.058641975
883,23/07/2013,1890.55,1904.15,1904.15,103.03,1339,-0.052054795
884,24/07/2013,1904.07,1914.41,1912.08,103.46,1367.25,-0.090032154
885,25/07/2013,1906.57,1913.91,1909.61,106.41,1367.5,0.066037736
886,26/07/2013,1912.05,1915.97,1910.81,104.77,1373.25,0.006825939
887,29/07/2013,1908.66,1912.57,1899.89,105.85,1365.5,0.046875
888,30/07/2013,1901.88,1917.11,1917.05,106.2,1348.5,-0.067278287
889,31/07/2013,1915.47,1920.6,1914.03,105.88,1351.5,-0.015576324
890,01/08/2013,1916.56,1925.32,1920.74,106.39,1341.5,0.031055901
891,02/08/2013,1936.26,1939.28,1923.38,107.94,1345,-0.030120482
892,05/08/2013,1920.83,1925.6,1916.22,108,1346.5,-0.120437956
893,06/08/2013,1914.06,1914.06,1906.62,106.61,1330.5,-0.017492711
894,07/08/2013,1892.47,1895.5,1878.33,107.13,1313.5,0.128440367
895,08/08/2013,1884.58,1896.07,1883.97,105.41,1316.25,0.090643275
896,09/08/2013,1884.57,1888.79,1880.71,105.47,1307,0.05
897,12/08/2013,1878.5,1894.42,1884.83,104.76,1307.5,0.033536585
898,13/08/2013,1893.42,1913.03,1913.03,104.61,1294,-0.016713092
899,14/08/2013,1912.59,1925.1,1923.91,103.14,1297,-0.081871345
900,16/08/2013,1903.72,1927.59,1920.11,105.1,1297,0.07165109
901,19/08/2013,1917.32,1918.71,1917.64,107.93,1290.75,0.005830904
902,20/08/2013,1910.3,1923.42,1887.85,106.94,1293.5,0.043604651
903,21/08/2013,1891.01,1894.74,1867.46,106.61,1275,-0.081818182
904,22/08/2013,1847.94,1858.5,1849.12,105.32,1279.25,0.018181818
905,23/08/2013,1861.58,1876.14,1870.16,104.41,1274,0.053097345
906,26/08/2013,1876.59,1890.38,1887.86,103.45,1272.5,0.201298701
907,27/08/2013,1883.71,1896.63,1885.84,106.04,1267,-0.036144578
908,28/08/2013,1862.51,1885.35,1884.52,106.19,1265.5,0.073529412
909,29/08/2013,1892.03,1914.9,1907.54,106.78,1243.75,0.00286533
910,30/08/2013,1918.91,1926.37,1926.36,106.89,1246.5,0.084269663
911,02/09/2013,1925.32,1932.46,1924.81,107.43,1255,0.04359673
912,03/09/2013,1934.24,1940.99,1933.74,107.58,1255,0.113043478
913,04/09/2013,1929.6,1938.26,1933.03,107.14,1256.75,0.003095975
914,05/09/2013,1943.66,1954.21,1951.65,104.9,1240.5,-0.055232558
915,06/09/2013,1954.11,1962.15,1955.31,103.93,1248.5,0.047887324
916,09/09/2013,1964.09,1974.67,1974.67,104.93,1246.5,-0.024464832
917,10/09/2013,1978.08,1994.06,1994.06,106.48,1246,-0.009584665
918,11/09/2013,1995.96,2003.85,2003.85,105.88,1235,0.025714286
919,12/09/2013,2004.67,2017.48,2004.06,109.11,1235,-0.032163743
920,13/09/2013,1994.95,2004.87,1994.32,110.17,1237,0
921,16/09/2013,2011.69,2018.02,2013.37,108.51,1237.5,0.139204545
922,17/09/2013,2009.31,2009.31,2005.58,107.98,1222,0.008379888
923,23/09/2013,2000.72,2015.18,2009.41,108.67,1226,0.074404762
924,24/09/2013,2001.51,2011.11,2007.1,107.29,1223.5,0.005797101
925,25/09/2013,2004.53,2006.88,1998.06,108.5,1233.5,0.076923077
926,26/09/2013,1992.1,2007.32,2007.32,110.62,1218,0.084592145
927,27/09/2013,2012.26,2016.34,2011.8,109.62,1226,0.052631579
928,30/09/2013,2002.02,2005.41,1996.96,107.48,1223.5,0.018575851
929,01/10/2013,1997.62,2012.52,1998.87,107.65,1214.25,0.098901099
930,02/10/2013,2012.07,2012.82,1999.47,108.72,1213,0.058641975
931,04/10/2013,1999.92,2004.65,1996.98,108.31,1205.5,0.122324159
932,07/10/2013,1997.17,2002.61,1994.42,106.54,1192.5,0.046875
933,08/10/2013,1987.97,2002.78,2002.76,105.36,1203,-0.029508197
934,10/10/2013,2000.91,2010,2001.4,108.23,1207.75,-0.003095975
935,11/10/2013,2018.01,2028.11,2024.9,106.26,1192.5,0.072289157
936,14/10/2013,2026.07,2026.79,2020.27,104.7,1199.5,0.094339623
937,15/10/2013,2034.69,2045.5,2040.96,103.62,1187.5,-0.077220077
938,16/10/2013,2040.03,2049.5,2034.61,103.22,1188.5,-0.089552239
939,17/10/2013,2051.19,2052.44,2040.61,102.68,1169,0.079136691
940,18/10/2013,2046.56,2052.4,2052.4,103.1,1162.5,0.007326007
941,21/10/2013,2054.16,2060.18,2053.01,102.86,1157,0.007380074
942,22/10/2013,2051.01,2056.12,2056.12,102.36,1168,0.01953125
943,23/10/2013,2062.81,2063.28,2035.75,102.09,1183.5,-0.055555556
944,24/10/2013,2034.96,2046.69,2046.69,104.15,1190.5,-0.010344828
945,25/10/2013,2047.46,2047.46,2034.39,103.29,1199.5,0.136942675
946,28/10/2013,2037.28,2048.14,2048.14,103.83,1191.5,0.016666667
947,29/10/2013,2046.67,2053.78,2051.76,103.07,1183,0.086792453
948,30/10/2013,2055,2059.58,2059.58,103.54,1181,-0.063291139
949,31/10/2013,2050.96,2055.59,2030.09,101.63,1189.25,0.025396825
950,01/11/2013,2037.25,2041.23,2039.42,103.08,1208,0.074074074
951,04/11/2013,2035.08,2035.84,2025.17,102.17,1207,-0.027303754
952,05/11/2013,2027.62,2029.6,2013.93,102.46,1216,0.003154574
953,06/11/2013,2015.32,2023.52,2013.67,101.15,1205.5,-0.044776119
954,07/11/2013,2014.85,2017.55,2004.04,102.34,1208.75,-0.110410095
955,08/11/2013,1987.21,1998.59,1984.87,100.72,1193.5,-0.050473186
956,11/11/2013,1995.86,1995.86,1977.3,100.87,1193.25,-0.122754491
957,12/11/2013,1983.94,2000.41,1995.48,99.28,1195,0.144654088
958,13/11/2013,1993.16,1993.16,1963.56,97.63,1201.5,0.110367893
959,14/11/2013,1980.2,1981.89,1967.56,96.9,1234,0.048433048
960,15/11/2013,1980.99,2006.31,2005.64,96.65,1244,-0.055718475
961,18/11/2013,2014.24,2018.17,2010.81,97.4,1234.5,0.090361446
962,19/11/2013,2009.95,2033.91,2031.64,98.74,1261,-0.059561129
963,20/11/2013,2028.34,2029.61,2017.24,98.29,1254,0.056213018
964,21/11/2013,2013.71,2013.71,1993.78,96.81,1236.25,0.049275362
965,22/11/2013,2002.15,2011.2,2006.23,96.29,1226.5,0.094707521
966,25/11/2013,2020,2031.11,2015.98,94.56,1236,-0.036253776
967,26/11/2013,2008.19,2022.66,2022.64,94.58,1254.5,0.047468354
968,27/11/2013,2016.28,2028.81,2028.81,93.4,1256,0.095238095
969,28/11/2013,2039.73,2047.66,2045.77,94.74,1245,0.027190332
970,29/11/2013,2044.85,2050.7,2044.87,94.25,1234.5,-0.037267081
971,02/12/2013,2050.45,2052.88,2030.78,94.56,1225,-0.038961039
972,03/12/2013,2023.62,2028.07,2009.36,95.13,1223.75,0.012618297
973,04/12/2013,1998.69,2006.71,1986.8,93.12,1220,0.009345794
974,05/12/2013,1993.73,1994.32,1984.77,93.91,1217.5,0.077192982
975,06/12/2013,1982.99,1990.55,1980.41,93.76,1233.5,0.090342679
976,09/12/2013,2000.52,2003.97,2000.38,93.8,1246,0.125
977,10/12/2013,2000.03,2001.33,1993.45,93.03,1215,0.008902077
978,11/12/2013,1987.22,2000.15,1977.97,93.35,1203.5,-0.022727273
979,12/12/2013,1966.44,1970.51,1967.93,93.34,1215,-0.014880952
980,13/12/2013,1963.04,1963.81,1962.91,95.35,1215,-0.057803468
981,16/12/2013,1960.6,1970.25,1961.15,94.53,1227.75,-0.034383954
982,17/12/2013,1977.94,1979.62,1965.74,93.86,1207.5,0.04778157
983,18/12/2013,1971.85,1982.42,1974.63,93.41,1211,0.009868421
984,19/12/2013,1996.79,1997.02,1975.65,92.05,1212,0.055555556
985,20/12/2013,1973.12,1984.44,1983.35,92.55,1198.25,-0.025559105
986,23/12/2013,1993.45,2000.07,1996.89,93.61,1187,0.069078947
987,24/12/2013,2000.24,2007.34,2001.59,95.83,1179.75,0.057432432
988,26/12/2013,2004.25,2009.96,1999.3,96.97,1192,-0.059405941
989,27/12/2013,1994.05,2004.55,2002.28,97.14,1195,0.012903226
990,30/12/2013,2004.32,2011.34,2011.34,97.48,1216.75,0.02310231
991,02/01/2014,2013.11,2013.89,1967.19,97.1,1236,0.055555556
992,03/01/2014,1963.72,1964.63,1946.14,98.32,1236.5,0.0625
993,06/01/2014,1947.62,1961.85,1953.28,97.25,1237.5,0.104377104
994,07/01/2014,1947.65,1965.74,1959.44,97.21,1237.5,0.10738255
995,08/01/2014,1965.5,1966.95,1958.96,96.27,1222.5,0.058631922
996,09/01/2014,1962.3,1964.59,1946.11,97.18,1196.5,0.013513514
997,10/01/2014,1949.53,1956.97,1938.54,96.99,1202.25,-0.073643411
998,13/01/2014,1947.38,1954.07,1948.92,97.59,1185.25,-0.12244898
999,14/01/2014,1942.79,1961.73,1946.07,98.4,1165,-0.007905138
1000,15/01/2014,1956.43,1956.84,1953.28,99.11,1185,0.08627451
1001,16/01/2014,1957.91,1965.27,1957.32,98.62,1179.25,-0.005050505
1002,17/01/2014,1958.5,1962.64,1944.48,98.87,1179.25,0.06
1003,20/01/2014,1945.99,1955.28,1953.78,99.18,1166.75,-0.019607843
1004,21/01/2014,1955.26,1965.43,1963.89,99.94,1161,-0.096296296
1005,22/01/2014,1960.46,1970.42,1970.42,98.9,1149.5,-0.061728395
1006,23/01/2014,1968.77,1969.04,1947.59,98.17,1154.5,-0.111801242
1007,24/01/2014,1941.55,1947.01,1940.56,95.14,1139.5,0.005376344
1008,27/01/2014,1905.91,1918.68,1910.34,93.66,1133.75,0.047120419
1009,28/01/2014,1907.18,1919.26,1916.93,93.12,1143,-0.066037736
1010,29/01/2014,1925.93,1941.71,1941.15,93.31,1144.75,0.040983607
1011,03/02/2014,1930.09,1931.81,1919.96,91.9,1136.25,-0.191489362
1012,04/02/2014,1894.96,1898.08,1886.85,91.36,1151.5,-0.163636364
1013,05/02/2014,1897.95,1901.4,1891.32,92.39,1154.5,0.007968127
1014,06/02/2014,1897.35,1910.91,1907.89,91.45,1153.75,-0.064655172
1015,07/02/2014,1922.45,1923.25,1922.5,92.15,1148.25,-0.007142857
1016,10/02/2014,1928.13,1928.39,1923.3,93.78,1158.75,-0.025179856
1017,11/02/2014,1924.45,1935.29,1932.06,93.54,1152.5,0.02
1018,12/02/2014,1942.23,1942.23,1935.84,93.96,1148,-0.038596491
1019,13/02/2014,1936.62,1944.73,1926.96,94.51,1142,-0.128113879
1020,14/02/2014,1930.14,1946.81,1940.28,96.35,1132.75,-0.024822695
1021,17/02/2014,1951.74,1955.04,1946.36,97.23,1123.5,0.021582734
1022,18/02/2014,1946.88,1951.06,1946.91,96.66,1123.5,0.060483871
1023,19/02/2014,1944.7,1944.7,1942.93,95.82,1115.5,-0.030434783
1024,20/02/2014,1932.9,1941.13,1930.57,97.49,1107,-0.044520548
1025,21/02/2014,1948.03,1957.83,1957.83,97.34,1107.5,0.069767442
1026,24/02/2014,1958.06,1961.41,1949.05,98.25,1096.5,0.074074074
1027,25/02/2014,1958.3,1964.86,1964.86,97.55,1093,-0.025236593
1028,26/02/2014,1963.45,1973.88,1970.77,96.44,1090.75,-0.060402685
1029,27/02/2014,1969.85,1980.37,1978.43,97.24,1101.5,-0.069536424
1030,28/02/2014,1976.48,1981.15,1979.99,97.4,1097.25,-0.00990099
1031,03/03/2014,1967.9,1969.16,1964.69,97.84,1105.5,0.054140127
1032,04/03/2014,1954.58,1963.56,1954.11,99.98,1122.75,0.045016077
1033,05/03/2014,1973.28,1977.3,1971.24,100.12,1121.75,-0.051612903
1034,06/03/2014,1973.67,1975.62,1975.62,99.96,1124.75,0.006578947
1035,07/03/2014,1979.7,1983.53,1974.68,100.38,1104.25,0.098765432
1036,10/03/2014,1967.63,1967.66,1954.42,100.27,1106.25,0.142857143
1037,11/03/2014,1957.22,1963.87,1963.87,100.31,1104,0.062305296
1038,12/03/2014,1957.67,1958.09,1932.54,102.54,1120.5,0.059602649
1039,13/03/2014,1940.35,1946.28,1934.38,103.46,1115.75,0.076666667
1040,14/03/2014,1916.07,1927.89,1919.9,103.2,1125.75,0.075528701
1041,17/03/2014,1921.15,1928.43,1927.53,102.53,1135,0.085626911
1042,18/03/2014,1941.12,1946.14,1940.21,103.17,1134.5,0.051118211
1043,19/03/2014,1947.34,1948.15,1937.68,102.2,1136.5,0.134020619
1044,20/03/2014,1934.15,1934.63,1919.52,102.93,1126.5,-0.033846154
1045,21/03/2014,1930.24,1935.18,1934.94,102.68,1114,0.062893082
1046,24/03/2014,1937.06,1950.54,1945.55,102.88,1108.25,0.023809524
1047,25/03/2014,1940.9,1946.09,1941.25,105.34,1094.5,0.067307692
1048,26/03/2014,1954.6,1965.44,1964.31,103.64,1103,0.056537102
1049,27/03/2014,1963.66,1979.7,1977.97,101.75,1107,0.048109966
1050,28/03/2014,1972.63,1985.5,1981,101.82,1115.25,0.015384615
1051,31/03/2014,1988.73,1989.8,1985.61,102.82,1112.75,-0.071428571
1052,01/04/2014,1983.78,1991.98,1991.98,101.39,1118,0.026022305
1053,02/04/2014,2000.13,2001.26,1997.25,100.29,1119,0.094594595
1054,03/04/2014,1999.42,2007.88,1993.7,98.29,1115.25,0.114478114
1055,04/04/2014,1987.84,1993.96,1988.09,98.57,1082,0.171617162
1056,07/04/2014,1984.29,1992.18,1989.7,99.23,1076.25,0.185534591
1057,08/04/2014,1977.61,1994.58,1993.03,98.43,1069.5,0.032727273
1058,09/04/2014,1997.98,2001.15,1998.95,100.08,1071.25,0.059925094
1059,10/04/2014,2007.71,2008.98,2008.61,100.71,1064,-0.08411215
1060,11/04/2014,1985.28,1997.44,1997.44,99.68,1058,0.10738255
1061,14/04/2014,1993.81,2001,1997.02,99.97,1083.25,0.178321678
1062,15/04/2014,2008.49,2009.04,1992.27,100.05,1115.25,0.05033557
1063,16/04/2014,1994.31,1995.86,1992.21,99.66,1111,0.003378378
1064,17/04/2014,2000.47,2001.29,1992.05,100.61,1086.5,0.205387205
1065,18/04/2014,1998.52,2005.22,2004.28,101.25,1078.5,0.003125
1066,21/04/2014,2006.21,2006.95,1999.22,101.73,1088,0.131578947
1067,22/04/2014,2000.94,2004.42,2004.22,101.57,1094.75,0.128378378
1068,23/04/2014,2010.06,2013.09,2000.37,99.69,1093.25,-0.080385852
